id_point;lat;lon;nom;equipement;bus;rue;numrue;tourism
8947020815;43.4881613;-1.4754765;;;;;;
255401133;43.488261;-1.4756679;;;;;;
255400854;43.4884227;-1.4760437;;;;;;
6536947685;43.4884321;-1.4763368;;;;;;
5484526635;43.4883048;-1.4773017;;;;;;
254521787;43.4885703;-1.4819948;;;;;;
7770165934;43.4888067;-1.4822186;;;;;;
7593213502;43.4888735;-1.4822544;;;;;;
577898260;43.4939445;-1.468264;;;;;;
10180904249;43.4934313;-1.4675465;;;;;;
255321840;43.4932858;-1.4672106;;;;;;
1837681174;43.4896898;-1.471771;;;;;;
706302236;43.4897539;-1.471924;;;;;;
597616388;43.4897884;-1.4732641;;;;;;
706302151;43.4897946;-1.473439;;;;;;
597618542;43.4897784;-1.4742015;;;;;;
1804838595;43.488388;-1.4756004;;;;;;
388382478;43.4889952;-1.4755586;;;;;;
364415040;43.4896936;-1.4755435;;;;;;
388382468;43.489689;-1.4757971;;;;;;
388382302;43.4896967;-1.475949;;;;;;
388382294;43.4897095;-1.4761504;;;;;;
364415029;43.4898124;-1.47689;;;;;;
255402679;43.491879;-1.4771864;;;;;;
388382241;43.4919958;-1.4771146;;;;;;
255402704;43.492846;-1.4750013;;;;;;
255402703;43.492545;-1.4753941;;;;;;
255402215;43.4910207;-1.4758721;;;;;;
2502504417;43.4910607;-1.4759039;;;;;;
388382280;43.4913243;-1.4762268;;;;;;
255402735;43.4915597;-1.4765441;;;;;;
8074523115;43.4917182;-1.4768309;;;;;;
388189690;43.492253;-1.4776732;;;;;;
255402931;43.4872885;-1.4670597;;;;;;
3563697928;43.4869966;-1.4669135;;;;;;
255402932;43.4863971;-1.4664951;;;;;;
254920705;43.4909897;-1.4739744;;;;;;
5008960735;43.4909749;-1.4738431;;;;;;
257607801;43.4909007;-1.472986;;;;;;
1828784585;43.4913974;-1.4766636;;;;;;
7055043849;43.4924783;-1.4774345;;;;;;
388189759;43.4937859;-1.4768592;;;;;;
388189760;43.4940262;-1.476599;;;;;;
388189778;43.4926549;-1.4785666;;;;;;
1796035922;43.4927225;-1.4784973;;;;;;
6043931687;43.4928885;-1.4783283;;;;;;
388189779;43.4931471;-1.478073;;;;;;
388382243;43.4932216;-1.4779964;;;;;;
388382253;43.4929569;-1.4776772;;;;;;
388189796;43.4936224;-1.4776021;;;;;;
388189795;43.4934814;-1.477173;;;;;;
4867744975;43.497152;-1.4772011;;;;;;
570750540;43.4967297;-1.4755783;;;;;;
254920704;43.4910021;-1.4747741;;;;;;
388487692;43.4910089;-1.4745868;;;;;;
1806155778;43.4878927;-1.4744619;;;;;;
254920454;43.4878764;-1.474322;;;;;;
4014816148;43.4886325;-1.4760323;;;;;;
388382422;43.4886236;-1.4765196;;;;;;
388382418;43.488706;-1.4771333;;;;;;
269247897;43.4909025;-1.4777399;;;;;;
7531505242;43.4912786;-1.4775062;;;;;;
269247910;43.4906049;-1.4786147;;;;;;
388382398;43.4904538;-1.4782107;;;;;;
2441501518;43.4903879;-1.4780179;;;;;;
4868366903;43.4906783;-1.4778939;;;;;;
4868366902;43.4908412;-1.477782;;;;;;
269247895;43.4907334;-1.4771418;;;;;;
10929143675;43.4907438;-1.4771772;;;;;;
2441501539;43.4907585;-1.4772276;;;;;;
269247914;43.4915569;-1.4785121;;;;;;
269247916;43.4913974;-1.4774691;;;;;;
388382386;43.4891521;-1.4791984;;;;;;
1797141977;43.489647;-1.4792591;;;;;;
1797141978;43.4902928;-1.4790904;;;;;;
1797141979;43.4905455;-1.4790049;;;;;;
5790038515;43.4906295;-1.4789678;;;;;;
269247912;43.4907017;-1.4789345;;;;;;
8254491234;43.4917947;-1.4784024;;;;;;
1796035921;43.4926043;-1.4786167;;;;;;
388189793;43.4933724;-1.4782646;;;;;;
712884540;43.4937431;-1.4779213;;;;;;
255321717;43.4945593;-1.4777685;;;;;;
3668904712;43.4945001;-1.4778249;;;;;;
8242420520;43.4944158;-1.4779052;;;;;;
388382247;43.4943147;-1.4780015;;;;;;
388382255;43.4927366;-1.4771991;;;;;;
388382259;43.4929375;-1.4757168;;;;;;
388382262;43.493146;-1.4754172;;;;;;
388314411;43.492002;-1.4760566;;;;;;
388314412;43.4923761;-1.4767827;;;;;;
388382272;43.4921132;-1.4759256;;;;;;
388382274;43.4919735;-1.4755826;;;;;;
388382282;43.4921282;-1.4750626;;;;;;
1829826279;43.4909471;-1.4759743;;;;;;
2502504414;43.4909452;-1.4760048;;;;;;
10929143674;43.4907515;-1.4767152;;;;;;
388382293;43.4907401;-1.4767245;;;;;;
388382297;43.4888911;-1.4764177;;;;;;
1829826282;43.4909508;-1.4759129;;;;;;
2502504413;43.490922;-1.4759053;;;;;;
388382303;43.4905376;-1.4758035;;;;;;
255401810;43.4896898;-1.4757584;;;;;;
388382331;43.4897081;-1.4753293;;;;;;
6159080940;43.4902882;-1.4752994;;;;;;
6154744495;43.4905465;-1.4752827;;;;;;
388382328;43.4905823;-1.4752629;;;;;;
388382332;43.4900469;-1.4778496;;;;;;
10929144611;43.4899282;-1.4774283;;;;;;
388382335;43.4897842;-1.4769101;;;;;;
388382341;43.489663;-1.4786065;;;;;;
2779738355;43.4896465;-1.4785712;;;;;;
2779738353;43.4894963;-1.4782503;;;;;;
388382339;43.4894675;-1.4781854;;;;;;
4109357218;43.4894509;-1.4781553;;;;;;
2436291997;43.4892161;-1.4791302;;;;;;
7636051503;43.4892288;-1.4791168;;;;;;
388382222;43.4893466;-1.4789912;;;;;;
5732084627;43.4896469;-1.4789083;;;;;;
631661837;43.4899012;-1.478449;;;;;;
388382440;43.4891207;-1.4774251;;;;;;
388382450;43.4889015;-1.4764688;;;;;;
4014816154;43.4888183;-1.4760319;;;;;;
388382414;43.4887319;-1.477362;;;;;;
388382460;43.4885898;-1.4758943;;;;;;
388382463;43.488815;-1.4758782;;;;;;
4109357221;43.4893991;-1.475841;;;;;;
255400676;43.4883349;-1.4781044;;;;;;
4868369148;43.4883656;-1.4782935;;;;;;
8887883469;43.4907101;-1.4780726;;;;;;
5422316982;43.4907732;-1.4783156;;;;;;
9887512373;43.4889917;-1.4755243;;;;;;
1797141975;43.4888005;-1.4786354;;;;;;
1797141974;43.4886045;-1.4784061;;;;;;
5484526628;43.4885012;-1.4760079;;;;;;
4868366905;43.4906457;-1.4779239;;;;;;
3513549746;43.4903973;-1.4780112;;;;;;
7930570162;43.4903395;-1.4777017;;;;;;
3513549747;43.4906404;-1.4779039;;;;;;
6154744496;43.4906029;-1.4752056;;;;;;
388382329;43.4906817;-1.4747918;;;;;;
2441627780;43.4905246;-1.4766801;;;;;;
255400671;43.4904989;-1.4764605;;;;;;
10929143690;43.4904967;-1.4764311;;;;;;
388382337;43.4902989;-1.4777235;;;;;;
388382353;43.4888094;-1.4776921;;;;;;
4466289082;43.4890639;-1.4782303;;;;;;
4466289081;43.4891885;-1.4785009;;;;;;
388382405;43.4893783;-1.4789202;;;;;;
388487694;43.4897098;-1.4748359;;;;;;
254920559;43.4897063;-1.474934;;;;;;
5484528547;43.4897701;-1.4742591;;;;;;
255403449;43.4874172;-1.4669948;;;;;;
4117156040;43.487477;-1.4668659;;;;;;
1797215410;43.4876042;-1.4666493;;;;;;
1829828185;43.4879922;-1.4661439;;;;;;
840829607;43.4880198;-1.47543;;;;;;
388324410;43.4879667;-1.4752647;;;;;;
3635764344;43.4874948;-1.4671576;;;;;;
255402866;43.4874743;-1.4672488;;;;;;
401332562;43.4874845;-1.4670926;;;;;;
4117139168;43.4878231;-1.467289;;;;;;
401332570;43.4880713;-1.4674386;;;;;;
711707605;43.4902555;-1.4678617;;;;;;
255402862;43.4898416;-1.4680951;;;;;;
476283458;43.4935715;-1.4606364;;;;;;
8438600321;43.4935769;-1.4606436;;;;;;
6753623794;43.4936067;-1.4607712;;;;;;
476283454;43.4935292;-1.4608958;;;;;;
476283459;43.4934204;-1.4612101;;;;;;
476283453;43.4936881;-1.4607283;;;;;;
254933412;43.4936935;-1.4617221;;;;;;
476283455;43.4934161;-1.4608544;;;;;;
476283457;43.4934169;-1.4606435;;;;;;
476283486;43.4934721;-1.4604695;;;;;;
476283463;43.4935465;-1.4602704;;;;;;
6753623800;43.4935782;-1.4605627;;;;;;
570763260;43.4935553;-1.4601932;;;;;;
4241174164;43.4936074;-1.4596467;;;;;;
476283464;43.4936176;-1.4595549;;;;;;
476283456;43.4933886;-1.4607158;;;;;;
11257819636;43.4930749;-1.4609686;;;;;;
476283484;43.4928592;-1.4599404;;;;;;
5808917269;43.4921139;-1.4603246;;;;;;
8758462032;43.4912817;-1.4599713;;;;;;
476283489;43.4912305;-1.4597961;;;;;;
1829836630;43.490434;-1.4633422;;;;;;
8758462053;43.4907447;-1.4629052;;;;;;
254951178;43.4893434;-1.466646;;;;;;
1806149144;43.4892294;-1.4719233;;;;;;
1806149150;43.4893687;-1.4719091;;;;;;
1801329749;43.48952;-1.4718843;;;;;;
254951185;43.492814;-1.472072;;;;;;
269248034;43.4923358;-1.4723034;;;;;;
6753623803;43.4937807;-1.4606604;;;;;;
570056253;43.4943083;-1.4608332;;;;;;
6167949114;43.4968826;-1.4623772;;;;;;
570056330;43.4977328;-1.4611307;;;;;;
570750535;43.4963333;-1.4715778;;;;;;
751512613;43.49633;-1.4718937;;;;;;
570750536;43.4963426;-1.4722967;;;;;;
751512633;43.4966982;-1.4736479;;;;;;
5473754749;43.4967298;-1.4737645;;;;;;
1795586397;43.4968718;-1.4744096;;;;;;
1795586401;43.4967142;-1.4748683;;;;;;
254935706;43.495683;-1.4717465;;;;;;
570750562;43.4959622;-1.4716248;;;;;;
2441623407;43.4959895;-1.4716403;;;;;;
570751025;43.4962984;-1.4708684;;;;;;
578393961;43.4962906;-1.4706398;;;;;;
254932622;43.4908165;-1.460098;;;;;;
570760356;43.4901237;-1.4575172;;;;;;
8152001267;43.494499;-1.4596206;;;;;;
1795814043;43.4944149;-1.4596729;;;;;;
8138561237;43.4945695;-1.4609262;;;;;;
5863469340;43.4949203;-1.461069;;;;;;
5863469326;43.495664;-1.4612789;;;;;;
5863469325;43.4957414;-1.4612534;;;;;;
5863469318;43.4961398;-1.4611468;;;;;;
1797187501;43.4964574;-1.4610623;;;;;;
570056264;43.4974915;-1.4601432;;;;;;
3686722555;43.4960167;-1.4697969;;;;;;
11283173248;43.4960427;-1.469659;;;;;;
1694774136;43.4961955;-1.4693215;;;;;;
254053872;43.4966819;-1.469248;;;;;;
11283173256;43.4966567;-1.4692335;;;;;;
5484289606;43.4964491;-1.4691283;;;;;;
578393996;43.4963073;-1.4690643;;;;;;
254053891;43.4939161;-1.4748775;;;;;;
254053892;43.4943531;-1.4753182;;;;;;
254053894;43.4946809;-1.4758801;;;;;;
7003853474;43.4931338;-1.4731818;;;;;;
7590075014;43.4925595;-1.4737458;;;;;;
254053905;43.489548;-1.4823857;;;;;;
3605927461;43.4895784;-1.482485;;;;;;
578474134;43.4897034;-1.4830345;;;;;;
255402743;43.4933177;-1.4800267;;;;;;
3554296011;43.493358;-1.480168;;;;;;
5926935761;43.4936546;-1.4812535;;;;;;
5926935754;43.4937231;-1.4815193;;;;;;
3247798529;43.4939321;-1.4823185;;;;;;
704988995;43.49414;-1.4830953;;;;;;
254053883;43.4925386;-1.4736418;;;;;;
8437365382;43.4924795;-1.4735967;;;;;;
6945574251;43.4924285;-1.4735619;;;;;;
269248037;43.4908321;-1.4715436;;;;;;
5971540401;43.4907501;-1.4709262;;;;;;
597616148;43.4907138;-1.4706408;;;;;;
597616221;43.4921252;-1.4716154;;;;;;
10143043254;43.49216;-1.4715896;;;;;;
6147646018;43.4924388;-1.4713831;;;;;;
254951184;43.4925133;-1.4713338;;;;;;
597616222;43.4915919;-1.4702408;;;;;;
254951183;43.4918454;-1.4700255;;;;;;
597616412;43.4901831;-1.4731919;;;;;;
706302160;43.4903709;-1.4731517;;;;;;
597616411;43.4904726;-1.4731302;;;;;;
8870131917;43.4879381;-1.4743165;;;;;;
5643154849;43.4881244;-1.4743026;;;;;;
8870131924;43.4882744;-1.4742909;;;;;;
8870131923;43.4884977;-1.4742727;;;;;;
8870131926;43.4886584;-1.4742596;;;;;;
5484528553;43.4887455;-1.4742525;;;;;;
597617491;43.4888345;-1.4742453;;;;;;
597618539;43.4891871;-1.4742166;;;;;;
1827160769;43.4882157;-1.4810282;;;;;;
2321308341;43.4883851;-1.4816321;;;;;;
254521786;43.4885248;-1.48191;;;;;;
254521784;43.4882508;-1.4817376;;;;;;
3554319599;43.488244;-1.481608;;;;;;
10055688308;43.4881643;-1.4811799;;;;;;
597626840;43.4936443;-1.4797314;;;;;;
2024619912;43.4936934;-1.4799101;;;;;;
704988996;43.4944932;-1.4828686;;;;;;
254053884;43.4922733;-1.4743893;;;;;;
1801848709;43.4921499;-1.4743727;;;;;;
7565795334;43.4910597;-1.4739342;;;;;;
967747788;43.4911527;-1.4739086;;;;;;
631661853;43.4915498;-1.4738319;;;;;;
704989000;43.4949195;-1.4826006;;;;;;
3554263893;43.4941126;-1.4795518;;;;;;
704988999;43.4940337;-1.4793871;;;;;;
704989001;43.4952676;-1.4823818;;;;;;
704988991;43.4940135;-1.4837833;;;;;;
704988987;43.4916163;-1.4836988;;;;;;
706302156;43.4902806;-1.4723289;;;;;;
1808592005;43.4902758;-1.4722893;;;;;;
1808592003;43.4902539;-1.4720402;;;;;;
706302255;43.4902032;-1.4714614;;;;;;
706302150;43.4902908;-1.4741367;;;;;;
1808592004;43.4900808;-1.4723342;;;;;;
4466301032;43.4900506;-1.4720791;;;;;;
706302243;43.4900104;-1.4718778;;;;;;
706302138;43.4892747;-1.4728972;;;;;;
706302141;43.4892196;-1.4734285;;;;;;
8434579205;43.4891979;-1.4738283;;;;;;
1808592002;43.4891937;-1.4739804;;;;;;
706302159;43.4907439;-1.4722175;;;;;;
706302167;43.4909557;-1.4721697;;;;;;
706302148;43.4905665;-1.4740837;;;;;;
706302153;43.489484;-1.4734333;;;;;;
706302146;43.4894808;-1.4736811;;;;;;
706302144;43.4888898;-1.4728496;;;;;;
269248038;43.4899228;-1.4714062;;;;;;
9942175353;43.4899664;-1.4713157;;;;;;
1801329761;43.4901541;-1.4709257;;;;;;
6552508375;43.490273;-1.4706706;;;;;;
1879448353;43.4903472;-1.4705234;;;;;;
706302504;43.4903783;-1.4704616;;;;;;
706302259;43.4906274;-1.4715199;;;;;;
3649039333;43.4906346;-1.4714418;;;;;;
706302268;43.490316;-1.4714769;;;;;;
706311222;43.4890155;-1.4673429;;;;;;
7606600287;43.4893981;-1.4681045;;;;;;
706311284;43.4883082;-1.4669652;;;;;;
255402681;43.4933622;-1.4757168;;;;;;
2290806513;43.4937034;-1.4761522;;;;;;
5487050076;43.4934439;-1.4758352;;;;;;
11524917408;43.4937223;-1.4751649;;;;;;
388382481;43.4933616;-1.4746014;;;;;;
388382483;43.4936545;-1.4747449;Mairie de Bayonne;;yes;;;
269248035;43.4912913;-1.4727319;;;;;;
8857283484;43.4920288;-1.4724298;;;;;;
1806155785;43.4927792;-1.4788291;;;;;;
1879458863;43.4928257;-1.4789266;;;;;;
1887243107;43.4881109;-1.4753135;;;;;;
388382479;43.4889437;-1.4750552;;;;;;
10926458771;43.490144;-1.4741656;;;;;;
10926458774;43.4904054;-1.4741147;;;;;;
597617167;43.488857;-1.4726387;;;;;;
1806149100;43.4883494;-1.4724842;;;;;;
3732065926;43.4888366;-1.4742156;;;;;;
4461740219;43.4888416;-1.4741438;;;;;;
1808592006;43.4888536;-1.4739737;;;;;;
8434579204;43.4888648;-1.4738235;;;;;;
6583692168;43.4889343;-1.4728935;;;;;;
706302503;43.4905615;-1.4701739;;;;;;
1806149119;43.4891257;-1.4718527;;;;;;
5547108683;43.4888503;-1.4713781;;;;;;
5547106786;43.4888753;-1.4713466;;parking_entrance;;;;
711707583;43.4908875;-1.4697593;;;;;;
11758877821;43.4907747;-1.4695826;;;;;;
8668978245;43.4907611;-1.4694459;;;;;;
10840312597;43.4907779;-1.4693884;;;;;;
4014812160;43.4907335;-1.4691343;;;;;;
717860502;43.4947242;-1.4626079;;;;;;
717860585;43.4949085;-1.4622367;;;;;;
717860464;43.4951538;-1.4641877;;;;;;
717860603;43.4946098;-1.4649291;;;;;;
717860600;43.4949693;-1.4629221;;;;;;
717860461;43.4952785;-1.4625535;;;;;;
717860576;43.495217;-1.4642943;;;;;;
717860508;43.4957937;-1.4633331;;;;;;
717860570;43.4944465;-1.4623578;;;;;;
717860491;43.494375;-1.462051;;;;;;
1830766532;43.4939945;-1.4646193;;;;;;
717860510;43.4933452;-1.4637351;;;;;;
717860624;43.4952744;-1.4633131;;;;;;
717860610;43.4942115;-1.4626166;;;;;;
717860467;43.4948896;-1.4637405;;;;;;
717860516;43.4957258;-1.4628239;;;;;;
717860616;43.4952822;-1.4656093;;;;;;
6212812017;43.4949281;-1.4660901;;;;;;
717860519;43.4950283;-1.4662617;;;;;;
717877811;43.4944825;-1.4669115;;;;;;
4504341862;43.4946858;-1.4666265;;;;;;
8114407789;43.4948074;-1.4667239;;;;;;
717877854;43.4948998;-1.4668635;;;;;;
717877851;43.49468;-1.4671797;;;;;;
254935072;43.4951394;-1.4670232;;;;;;
254933013;43.4934063;-1.4653971;;;;;;
255321930;43.4927697;-1.4645136;;;;;;
255322335;43.4920244;-1.4634763;;;;;;
10695360998;43.4918329;-1.4632233;;;;;;
6184740424;43.4915942;-1.4628871;;;;;;
476283492;43.4911971;-1.4623416;;;;;;
751512669;43.4962938;-1.4738061;;;;;;
2441623418;43.4960819;-1.4720607;;;;;;
751512672;43.4957754;-1.472176;;;;;;
751512598;43.495899;-1.4724831;;;;;;
840829634;43.4870166;-1.4761811;;;;;;
1797158296;43.4878493;-1.4754342;;;;;;
8869999327;43.4867369;-1.4743305;;;;;;
3513549741;43.4877417;-1.4744381;;;;;;
5484526653;43.4877726;-1.4744475;;;;;;
848725721;43.4878272;-1.4744736;;;;;;
257607977;43.490656;-1.4715238;;;;;;
8138561236;43.4944876;-1.46077;;;;;;
8138561229;43.4945717;-1.4607392;;;;;;
254951318;43.4947802;-1.4635608;;;;;;
254933800;43.4953313;-1.4644908;;;;;;
254935068;43.4959477;-1.4655168;;;;;;
364416032;43.4930113;-1.4659401;;;;;;
7984101462;43.4928047;-1.4662188;;;;;;
254951317;43.4926267;-1.4664589;;;;;;
254933119;43.4943644;-1.465734;;;;;;
6212812015;43.4945104;-1.4655874;;;;;;
254933310;43.4948002;-1.4651972;;;;;;
6290769331;43.4942321;-1.4659564;;;;;;
4504341856;43.4943606;-1.4657964;;;;;;
4127935693;43.4910811;-1.4621573;;;;;;
6184740429;43.4912203;-1.4620359;;;;;;
6184740421;43.4912996;-1.4619608;;;;;;
8967750082;43.4917745;-1.4616656;;;;;;
5663431863;43.4920417;-1.4615578;;;;;;
940948210;43.4922114;-1.4615139;;;;;;
5008960734;43.4911865;-1.4738209;;;;;;
597616095;43.4915642;-1.4729451;;;;;;
967747793;43.4918522;-1.4731523;;;;;;
4868223520;43.4922944;-1.4737627;;;;;;
848724547;43.4924078;-1.474387;;;;;;
7801099352;43.4926233;-1.473741;;;;;;
1464368283;43.4916455;-1.4786321;;;;;;
4014853229;43.4916387;-1.4785723;;;;;;
1464368282;43.4915843;-1.4783016;;;;;;
1464368274;43.4914543;-1.477442;;;;;;
1464368272;43.4913176;-1.4797479;;;;;;
1806163899;43.491446;-1.4793792;;;;;;
3055027151;43.4915257;-1.4791102;;;;;;
4321163666;43.4915433;-1.4790586;;;;;;
1806163908;43.4915568;-1.4790104;;;;;;
3362291617;43.4951917;-1.4707753;;;;;;
2441623384;43.4952504;-1.4708932;;;;;;
5464276907;43.4969789;-1.4636647;;;;;;
254935066;43.4968767;-1.4637639;;;;;;
255322529;43.4948244;-1.4673943;;;;;;
254934189;43.4940072;-1.4662772;;;;;;
254934853;43.4958868;-1.4694797;;;;;;
1829846427;43.4957784;-1.4693054;;;;;;
270960148;43.4956154;-1.466068;;;;;;
270960150;43.4949023;-1.4650682;;;;;;
1795586393;43.4969936;-1.474668;;;;;;
6155693605;43.4967211;-1.4750587;;;;;;
1795814041;43.4945632;-1.4602321;;;;;;
7629117094;43.4884642;-1.4783687;;;;;;
1797141971;43.4883768;-1.4783806;;;;;;
1797148226;43.487784;-1.4791235;;;;;;
1797148231;43.4878632;-1.4788767;;;;;;
1797148246;43.4880232;-1.4789434;;;;;;
3668881325;43.4879751;-1.4789236;;;;;;
1797148268;43.4883256;-1.4797648;;;;;;
1797148172;43.4869143;-1.4771078;;;;;;
5488735636;43.4868479;-1.4774175;;;;;;
1797148162;43.4866541;-1.4781399;;;;;;
388382470;43.4885407;-1.4795675;;;;;;
1797148275;43.4884753;-1.4795382;;;;;;
1797148273;43.48848;-1.4794713;;;;;;
1797148281;43.4885434;-1.4794732;;;;;;
1797177107;43.4918664;-1.4694314;;;;;;
10143015155;43.4923213;-1.4703547;;;;;;
7820868070;43.492383;-1.4704823;;;;;;
10143015161;43.4924425;-1.4706057;;;;;;
10139342012;43.4929477;-1.471821;;;;;;
8305294698;43.4930307;-1.4723216;;;;;;
10139342013;43.492864;-1.4718837;;;;;;
10143015160;43.492339;-1.4706972;;;;;;
7820868071;43.4922789;-1.4705701;;;;;;
10143015156;43.4922192;-1.4704449;;;;;;
10139342016;43.4917609;-1.4694519;;;;;;
1797177098;43.4917229;-1.4693501;;;;;;
1797187499;43.4963008;-1.4606482;;;;;;
1797205794;43.4872882;-1.4744265;;;;;;
5484528591;43.4860301;-1.4738146;;;;;;
717795313;43.4851618;-1.4731351;;;;;;
3732064413;43.4877416;-1.4743808;;;;;;
255403511;43.4870637;-1.4743231;;;;;;
1797215397;43.487154;-1.4665894;;;;;;
2282793947;43.487271;-1.4663134;;;;;;
1797215398;43.4872826;-1.4662879;;;;;;
1797215412;43.4877059;-1.4657602;;;;;;
2282791101;43.4876662;-1.4644936;;;;;;
6406843668;43.4876365;-1.4644368;;;;;;
2282791098;43.4875543;-1.4642725;;;;;;
1797215403;43.4874867;-1.4641375;;;;;;
1806210315;43.487785;-1.4643711;;;;;;
1797215411;43.4876752;-1.4641723;;;;;;
1797215415;43.4877451;-1.4641048;;;;;;
3642811720;43.4877039;-1.4641445;;;;;;
1797271583;43.4973392;-1.4657431;;;;;;
1797271567;43.4966305;-1.4655502;;;;;;
6212812021;43.4964195;-1.4653806;;;;;;
1797271577;43.4968238;-1.4649328;;;;;;
1797271560;43.4964749;-1.4644915;;;;;;
1797271578;43.4968545;-1.4658304;;;;;;
1801329750;43.4895426;-1.4715936;;;;;;
1801329751;43.4895697;-1.4715007;;;;;;
8437354709;43.4896134;-1.4712524;;;;;;
8437354708;43.48973;-1.4710971;;;;;;
1801329756;43.4898105;-1.4710152;;;;;;
1801329759;43.4899499;-1.4709455;;;;;;
2436291971;43.4884203;-1.4780334;;;;;;
388382347;43.4890707;-1.4774669;;;;;;
364414737;43.4918761;-1.4748091;;;;;;
2502504416;43.4910418;-1.4758429;;;;;;
1801850120;43.4940028;-1.4772387;;;;;;
8043795002;43.4884541;-1.4757031;;;;;;
1804849283;43.4957994;-1.4708282;;;;;;
3150311586;43.4955824;-1.4707267;;;;;;
1797271546;43.4961217;-1.4705451;;;;;;
1806149111;43.4882426;-1.4725426;;;;;;
3732064424;43.488215;-1.4726954;;;;;;
1888318079;43.4879029;-1.4737646;;;;;;
1806155776;43.4878605;-1.4740537;;;;;;
1806149145;43.4882091;-1.4724158;;;;;;
1806149110;43.4891025;-1.471976;;;;;;
1806149118;43.4891756;-1.4720229;;;;;;
1806149148;43.4893135;-1.472125;;;;;;
1806155815;43.4883416;-1.4764311;;;;;;
10311512440;43.4881816;-1.4757184;;;;;;
1806155808;43.4916982;-1.4789865;;;;;;
1879458792;43.4919237;-1.4789665;;;;;;
2290816467;43.4927128;-1.4788723;;;;;;
3605927467;43.4910545;-1.4812265;;;;;;
1879458852;43.4911465;-1.4812064;;;;;;
4868369139;43.4889464;-1.4799281;;;;;;
1806155780;43.4890148;-1.4800164;;;;;;
2611523786;43.4891213;-1.4801416;;;;;;
6930121452;43.4892503;-1.4803089;;;;;;
1806163934;43.4930022;-1.4751606;;;;;;
1806163926;43.4933554;-1.4746416;;;;;;
1806163904;43.4928658;-1.4749742;;;;;;
1806192765;43.4927544;-1.4790928;;;;;;
1888294725;43.4926675;-1.4797358;;;;;;
1888294722;43.4927906;-1.4794951;;;;;;
1888294712;43.4928008;-1.4791933;;;;;;
4121327634;43.487042;-1.4653316;;;;;;
1827160740;43.4865738;-1.4795347;;;;;;
3914829097;43.4866755;-1.4798753;;;;;;
3914829102;43.4873079;-1.4810381;;;;;;
5763701750;43.4874432;-1.4812633;;;;;;
7593174177;43.4885106;-1.4823174;;;;;;
7593174179;43.4884822;-1.4824796;;;;;;
1828784588;43.4879395;-1.4824597;;;;;;
1797148203;43.4876632;-1.4826188;;;;;;
3732064408;43.4876217;-1.4828863;;;;;;
3732064414;43.4877621;-1.4829335;;;;;;
3732064418;43.4878214;-1.4826187;;;;;;
1828784578;43.4916359;-1.4773343;;;;;;
254522018;43.4877166;-1.4817461;;;;;;
1828784577;43.4880698;-1.4817019;;;;;;
1797148261;43.4880884;-1.481782;;;;;;
1828784580;43.4881146;-1.4818616;;;;;;
7593174175;43.4886838;-1.4823463;;;;;;
2502504415;43.4909577;-1.475799;;;;;;
1829823617;43.4909562;-1.4758239;;;;;;
1829833001;43.4877302;-1.4742963;;;;;;
1829836650;43.4916802;-1.464068;;;;;;
255321931;43.4923765;-1.465041;;;;;;
254934188;43.4936163;-1.4667835;;;;;;
1829836633;43.4916841;-1.4639237;;;;;;
254933117;43.4923737;-1.4630351;;;;;;
3486418079;43.4924355;-1.4629405;;;;;;
254933309;43.4928295;-1.4624101;;;;;;
6650044154;43.4932559;-1.4617954;;;;;;
3415985383;43.493306;-1.4616802;;;;;;
3415985386;43.4933354;-1.4615987;;;;;;
255322334;43.4933656;-1.4614881;;;;;;
1829836651;43.4915843;-1.4639099;;;;;;
6707433889;43.495643;-1.4694469;;;;;;
5484289577;43.4952768;-1.4698177;;;;;;
364415670;43.4952404;-1.4698545;;;;;;
364415835;43.4941935;-1.4625864;;;;;;
255321928;43.4935556;-1.4634542;;;;;;
1830766529;43.4931214;-1.4640383;;;;;;
9321104705;43.492595;-1.464745;;;;;;
1829846383;43.4920367;-1.4655131;;;;;;
1829836638;43.4930435;-1.4674697;;;;;;
1829852865;43.4954333;-1.4687991;;;;;;
1829852867;43.4949621;-1.4692216;;;;;;
5464276916;43.4946167;-1.467234;;;;;;
8114491279;43.4943159;-1.467667;;;;;;
255322428;43.4942868;-1.4677088;;;;;;
255322525;43.4946547;-1.4685094;;;;;;
3653092000;43.4947077;-1.4683251;;;;;;
254934854;43.4952125;-1.4684848;;;;;;
1829852857;43.4947773;-1.468771;;;;;;
3150254925;43.4945721;-1.4695308;;;;;;
1829846411;43.4944906;-1.4697166;;;;;;
2216543248;43.4954621;-1.4692479;;;;;;
3150255632;43.4951158;-1.4695549;;;;;;
1829846423;43.4944184;-1.4689273;;;;;;
1829846415;43.4941695;-1.469372;;;;;;
1830766485;43.4904378;-1.4610334;;;;;;
8758462052;43.4902645;-1.4609821;;;;;;
5464276966;43.4904954;-1.4608725;;;;;;
1830766581;43.4906808;-1.4625013;;;;;;
3649039666;43.4907012;-1.4625583;;;;;;
476283491;43.4908243;-1.4628439;;;;;;
364416075;43.4941971;-1.4643438;;;;;;
1830766523;43.4935431;-1.461645;;;;;;
6753623785;43.4934721;-1.4616705;;;;;;
364416057;43.4937609;-1.4649254;;;;;;
6290776015;43.4940744;-1.4653746;;;;;;
3150254919;43.494196;-1.4655536;;;;;;
1831045154;43.4952055;-1.4591979;;;;;;
1831045170;43.4951134;-1.4592612;;;;;;
1827160764;43.4879569;-1.481545;;;;;;
1840379703;43.4880217;-1.4814965;;;;;;
388382278;43.4922635;-1.475175;;;;;;
255402680;43.4931892;-1.4759449;;;;;;
388189693;43.493498;-1.4764052;;;;;;
1879448370;43.489518;-1.4709015;;;;;;
1879458843;43.4912305;-1.4803427;;;;;;
1879458844;43.4916372;-1.4799613;;;;;;
1879458851;43.4920809;-1.4803221;;;;;;
4938381831;43.4919844;-1.4790631;;;;;;
11086283242;43.4919505;-1.4790139;;;;;;
11086283241;43.4916903;-1.4786483;;;;;;
1879458824;43.4912023;-1.4809209;;;;;;
1879458819;43.4914038;-1.4806601;;;;;;
7593050982;43.4914903;-1.4810528;;;;;;
5769859710;43.4915417;-1.4808321;;;;;;
1879458818;43.4917008;-1.4790953;;;;;;
2290816470;43.4927614;-1.4789701;;;;;;
1806163946;43.4924666;-1.4800245;;;;;;
1888294718;43.4926867;-1.479828;;;;;;
1888288340;43.4928106;-1.4797781;;;;;;
1879458845;43.4924249;-1.4801944;;;;;;
3585232417;43.4917373;-1.4796788;;;;;;
1888286451;43.4916017;-1.4795829;;;;;;
1879458827;43.4915767;-1.4794568;;;;;;
4268140546;43.4901197;-1.4759864;;;;;;
5971540419;43.4900712;-1.4759941;;;;;;
4268147254;43.4899892;-1.4759166;;;;;;
8870053973;43.4878294;-1.4744971;;;;;;
1888294709;43.4928645;-1.4795286;;;;;;
1888288342;43.4929185;-1.479298;;;;;;
3914846059;43.4928753;-1.4792049;;;;;;
3055030534;43.4928504;-1.4791524;;;;;;
4321163686;43.4927381;-1.478924;;;;;;
5746676785;43.4926763;-1.4797779;;;;;;
5746676781;43.4928199;-1.4791776;;;;;;
5746676783;43.492815;-1.4795062;;;;;;
1888303662;43.4947798;-1.4770426;;;;;;
1888303671;43.4948279;-1.4771307;;;;;;
6480663693;43.4947925;-1.4779831;;;;;;
1888303632;43.4948707;-1.4778261;;;;;;
9623699564;43.4948961;-1.4775772;;;;;;
1888303638;43.4947967;-1.4775391;;;;;;
1888303681;43.4950726;-1.4779122;;;;;;
6480663688;43.4944943;-1.477288;;;;;;
6335008528;43.4950725;-1.4767773;;;;;;
7667113678;43.4943951;-1.4762759;;;;;;
1888303653;43.4944867;-1.4764384;;;;;;
1888303676;43.4950195;-1.4775713;;;;;;
1888303624;43.4951022;-1.4773621;;;;;;
1888303655;43.4949212;-1.4770764;;;;;;
1888303631;43.4947354;-1.4773728;;;;;;
1888303642;43.4947288;-1.4767956;;;;;;
1888303656;43.4944405;-1.4768014;;;;;;
1888303623;43.4946841;-1.476855;;;;;;
6480663689;43.4945399;-1.477409;;;;;;
388189781;43.4942573;-1.4769604;;;;;;
6480663690;43.4943306;-1.4769091;;;;;;
3668894640;43.4878474;-1.4737304;;;;;;
1888318068;43.4875062;-1.4735721;;;;;;
1888318088;43.4874945;-1.4726378;;;;;;
8434696333;43.4877282;-1.4717674;;;;;;
8434696331;43.4880136;-1.4716861;;;;;;
1888318081;43.4878526;-1.4722354;;;;;;
7606600289;43.4893061;-1.4684491;;;;;;
11758865952;43.4890805;-1.4685956;;;;;;
4285831139;43.4887032;-1.4689541;;;;;;
1890041782;43.4887465;-1.4689996;;;;;;
6015172761;43.4947879;-1.4789339;;;;;;
1890053023;43.4952564;-1.4802247;;;;;;
10708960739;43.495595;-1.4800297;;;;;;
476450955;43.4956844;-1.4799725;;;;;;
1797181387;43.4926953;-1.473334;;;;;;
7352104708;43.4926396;-1.473227;;;;;;
2133890183;43.4885349;-1.4652774;;;;;;
5763327592;43.4887731;-1.4656842;;;;;;
4014806433;43.4891007;-1.4662175;;;;;;
5763327591;43.4891661;-1.4663172;;;;;;
2133890172;43.489413;-1.4666332;;;;;;
5763327590;43.4903286;-1.4673735;;;;;;
5763327580;43.4905679;-1.4675526;;;;;;
5763327579;43.491481;-1.4690787;;;;;;
7593012334;43.4916163;-1.4811789;;;;;;
7593012339;43.4920322;-1.4809248;;;;;;
7593012337;43.4922555;-1.4807296;;;;;;
595783555;43.491297;-1.4814552;;;;;;
2623391535;43.4913725;-1.4817414;;;;;;
3734832272;43.490586;-1.4715123;;;;;;
2216543249;43.4955275;-1.4691867;;;;;;
1829852869;43.4956307;-1.4690903;;;;;;
2282793943;43.4870209;-1.4666829;;;;;;
2288482707;43.4881603;-1.4701898;;;;;;
2288482744;43.4906462;-1.4689215;;;;;;
2288482741;43.4902376;-1.4685438;;;;;;
2288482740;43.4902166;-1.4685869;;;;;;
2288482717;43.4885252;-1.4689077;;;;;;
2288482718;43.4885416;-1.4686824;;;;;;
7191486201;43.4902663;-1.4684772;;;;;;
2288482742;43.4902513;-1.4685103;;;;;;
2288482677;43.4873432;-1.4693998;;;;;;
7191486219;43.4875643;-1.4688299;;;;;;
2288482672;43.4870686;-1.4703547;;;;;;
2288482703;43.4879158;-1.4688774;;;;;;
7191486213;43.4882741;-1.4687278;;;;;;
2288482722;43.4889669;-1.4692665;;;;;;
1865914219;43.4936378;-1.4762421;;;;;;
6349193177;43.4937457;-1.4760925;;;;;;
6278661324;43.4912382;-1.4799544;;;;;;
2305313135;43.4909746;-1.4806102;;;;;;
1806155813;43.489283;-1.4803466;;;;;;
863010638;43.4904672;-1.476424;;;;;;
11378188461;43.4903346;-1.4765238;;;;;;
10929143683;43.4902647;-1.4766042;;;;;;
388386031;43.4901914;-1.4766929;;;;;;
4868366899;43.4902497;-1.4768603;;;;;;
10929128604;43.4906474;-1.4769475;;;;;;
10929144605;43.4906865;-1.477007;;;;;;
269247892;43.4908734;-1.4770455;;;;;;
1236256612;43.4910644;-1.4807111;Parking Paulmy;parking_entrance;;;;
10929143691;43.4908537;-1.4770627;;;;;;
8254499981;43.4921525;-1.4769778;ChÃ¢teau Vieux;;yes;;;
7593050974;43.4908715;-1.481037;;;;;;
1806155820;43.4906047;-1.4806843;;;;;;
1806155809;43.4907406;-1.4804815;;;;;;
7629117096;43.4884809;-1.4782451;;;;;;
1887243234;43.4929398;-1.4791532;;;;;;
388382249;43.4929766;-1.4792239;;;;;;
5637083863;43.4930656;-1.4793934;;;;;;
2436291968;43.4883988;-1.4785192;;;;;;
3513549749;43.4910078;-1.4740384;;;;;;
2436291970;43.4882671;-1.4781601;;;;;;
3668881525;43.4880876;-1.4783759;;;;;;
862937242;43.4882277;-1.4780473;;;;;;
2436291984;43.4888568;-1.4785823;;;;;;
2436291985;43.4888876;-1.4786207;;;;;;
2436291973;43.488487;-1.4781054;;;;;;
5484506320;43.4884727;-1.47809;;;;;;
2436291989;43.4889082;-1.4786464;;;;;;
2436291992;43.4889329;-1.478685;;;;;;
2436291986;43.4888974;-1.4786329;;;;;;
2436291991;43.4889154;-1.4786054;;;;;;
2436291978;43.4885779;-1.4782106;;;;;;
2441233897;43.488169;-1.475846;;;;;;
10929206790;43.4880552;-1.4756039;;;;;;
2441233892;43.4878154;-1.4756596;;;;;;
2441233894;43.4878334;-1.4758533;;;;;;
4868223483;43.4878038;-1.4760392;;;;;;
2441501524;43.4906253;-1.4767908;;;;;;
7930570161;43.4902034;-1.4766875;;;;;;
10929143676;43.4904045;-1.4766446;;;;;;
863078270;43.495627;-1.4702297;;;;;;
1804851569;43.4955056;-1.4707558;;;;;;
2441623381;43.4953029;-1.4708368;;;;;;
9048551373;43.4952708;-1.4706286;;;;;;
3513549751;43.4952814;-1.4705865;;;;;;
3513549752;43.4953059;-1.4705563;;;;;;
9676914065;43.4953604;-1.4704899;;;;;;
8437469839;43.4956265;-1.4701108;;;;;;
10117225146;43.495662;-1.4700924;;;;;;
8437469840;43.495668;-1.4701775;;;;;;
9676914060;43.495315;-1.4705697;;;;;;
3150311585;43.4953232;-1.470582;;;;;;
2441623390;43.4953936;-1.470687;;;;;;
2441623389;43.4954099;-1.4707803;;;;;;
2441623386;43.4953683;-1.4708011;;;;;;
2441623457;43.4966662;-1.474871;;;;;;
2441623447;43.4965796;-1.4748665;;;;;;
2441623394;43.4957352;-1.4708888;;;;;;
2441623396;43.4957791;-1.4711381;;;;;;
2441623435;43.4963972;-1.4718857;;;;;;
862960725;43.4909724;-1.4760238;;;;;;
2611523777;43.4887679;-1.4802571;;;;;;
2611523781;43.4889738;-1.4805339;;;;;;
2611523776;43.4886723;-1.4803815;;;;;;
2611523779;43.4888827;-1.4806626;;;;;;
2611523783;43.4890622;-1.4804081;;;;;;
1806155795;43.4894721;-1.4805743;;;;;;
10596273526;43.4887246;-1.4803065;;;;;;
1797271540;43.4957443;-1.4658554;;;;;;
6490858875;43.4953652;-1.4665119;;;;;;
8114407787;43.4951954;-1.4668696;;;;;;
6079069103;43.495056;-1.467336;;;;;;
6924421102;43.4950457;-1.4673547;;;;;;
254934857;43.4949966;-1.4674218;;;;;;
3055034765;43.4963664;-1.4693817;;;;;;
5484289589;43.4963882;-1.4692819;;;;;;
5484289615;43.4962602;-1.4691669;;;;;;
1829826277;43.4933544;-1.4745296;;;;;;
1829846395;43.4936667;-1.4686811;;;;;;
10180904252;43.4931756;-1.4678923;;;;;;
8118376334;43.4949091;-1.4701737;;;;;;
255322838;43.4948266;-1.4702193;;;;;;
7003820156;43.495927;-1.469755;;;;;;
6924421103;43.4950419;-1.4676324;;;;;;
10117225145;43.4956768;-1.4700721;;;;;;
7945914722;43.4956498;-1.4701519;;;;;;
10117225139;43.4956229;-1.4701911;;;;;;
10117225129;43.4954901;-1.4703846;;;;;;
10117225130;43.4954397;-1.4704581;;;;;;
5992472297;43.4953891;-1.4705317;;;;;;
3247798523;43.4933857;-1.482153;;;;;;
3247798528;43.4927533;-1.4826868;;;;;;
5639532660;43.4937814;-1.482384;;;;;;
3247798526;43.493195;-1.482043;;;;;;
11283173241;43.495011;-1.4705154;;;;;;
6285629105;43.4950393;-1.4705587;;;;;;
8118376344;43.4950826;-1.4706211;;;;;;
2441623442;43.4964491;-1.4743719;;;;;;
2441623419;43.4960972;-1.4731481;;;;;;
3415990293;43.4923734;-1.4614764;;;;;;
7602110407;43.493189;-1.4615297;;;;;;
3455324232;43.4900124;-1.4627447;;;;;;
3658634696;43.4901375;-1.4627885;;;;;;
10180877507;43.4901289;-1.4626731;;;;;;
5480072153;43.4901826;-1.4627628;;;;;;
3658634699;43.4902165;-1.4627447;;;;;;
10180877505;43.4901953;-1.4626286;;;;;;
5480072150;43.4902563;-1.4627263;;;;;;
3658634695;43.4902916;-1.4627172;;;;;;
5480072149;43.4902527;-1.4625146;;;;;;
3563710441;43.4894072;-1.4818613;;;;;;
11070615669;43.4893771;-1.481908;;;;;;
7593213496;43.4892819;-1.4822101;;;;;;
3563710436;43.489826;-1.4815696;;;;;;
8792418551;43.4894709;-1.4817627;;;;;;
7593196342;43.4900415;-1.4816248;Champ de Foire;;yes;;;
4014827255;43.4903621;-1.4814853;;;;;;
3563710447;43.4909165;-1.4810822;;;;;;
4014827258;43.4903355;-1.4813514;;;;;;
4014836499;43.4906223;-1.4810544;;;;;;
706198591;43.4906686;-1.486676;;;;;;
5702304694;43.4902678;-1.4832187;;;;;;
3660030318;43.490132;-1.4822772;;;;;;
4014837967;43.4900706;-1.4819291;;;;;;
3580226494;43.4960933;-1.4829366;;;;;;
3580226493;43.495792;-1.4820439;;;;;;
4271454609;43.4904059;-1.4704155;;;;;;
4271454601;43.4906394;-1.470053;;;;;;
6290764017;43.490944;-1.4697191;;;;;;
3585232418;43.4917593;-1.4796224;;;;;;
3585232416;43.4917446;-1.4796599;;;;;;
1879458808;43.4917768;-1.4795789;;;;;;
7593287802;43.489109;-1.4827191;;;;;;
10055688304;43.4892214;-1.4826286;;;;;;
7593287800;43.4895115;-1.482514;;;;;;
7670993568;43.4897127;-1.4824284;;;;;;
7670993566;43.4898289;-1.4823794;;;;;;
7670993573;43.4899288;-1.4823374;;;;;;
7593287794;43.4900474;-1.4822942;;;;;;
3605927466;43.4906312;-1.4816979;;;;;;
4014831786;43.4909213;-1.481297;;;;;;
7593120810;43.4909683;-1.4812711;;;;;;
704989010;43.4963086;-1.4816992;;;;;;
3653092001;43.4945885;-1.4683378;;;;;;
10702872566;43.4944369;-1.4680105;;;;;;
1829836652;43.4901319;-1.4629722;;;;;;
10180877519;43.4899524;-1.4627896;;;;;;
5480072145;43.4883393;-1.4652734;;;;;;
3668881327;43.4880456;-1.4785949;;;;;;
3668883570;43.4908824;-1.4779265;;;;;;
10296967730;43.4908472;-1.4778066;;;;;;
3668883568;43.4909638;-1.4782253;;;;;;
3668883572;43.4910021;-1.4782068;;;;;;
3668883569;43.4909118;-1.4780298;;;;;;
10296967728;43.4908894;-1.4779511;;;;;;
3668892461;43.49087;-1.4782693;;;;;;
5643202179;43.4878693;-1.4736512;;;;;;
3914844127;43.4933503;-1.4796137;;;;;;
3914846153;43.4935308;-1.4795102;;;;;;
7670991430;43.4940304;-1.4790117;;;;;;
3668904711;43.4941601;-1.4788957;;;;;;
718368644;43.4870671;-1.4767505;;;;;;
840829610;43.4870236;-1.4763707;;;;;;
4625128436;43.4912986;-1.4644419;;;;;;
255402863;43.4896436;-1.4681641;;;;;;
7606600286;43.4895813;-1.46816;;;;;;
4285831112;43.4891061;-1.4679623;;;;;;
3730555300;43.4901534;-1.4676955;;;;;;
3730553713;43.4902899;-1.4676287;;;;;;
4014816155;43.4883203;-1.474139;;;;;;
4014816143;43.4880871;-1.474011;;;;;;
3737650695;43.4879282;-1.47405;;;;;;
8870115614;43.4882756;-1.4743354;;;;;;
8870115615;43.4884984;-1.4743211;;;;;;
8870131919;43.488658;-1.4743107;;;;;;
254053907;43.4878258;-1.4830478;;;;;;
3732064423;43.4881137;-1.4815573;;;;;;
3732064409;43.4876367;-1.482569;;;;;;
3732064410;43.4876777;-1.4817944;;;;;;
5484528536;43.4884264;-1.4654238;;;;;;
476283465;43.4936618;-1.4589909;;;;;;
7531505241;43.4916121;-1.4773484;;;;;;
3734832287;43.4936508;-1.4736373;;;;;;
4434324837;43.4936561;-1.4734343;;;;;;
8264966601;43.493346;-1.4730619;;;;;;
8264966598;43.4933302;-1.4730572;;;;;;
5487050177;43.4927241;-1.4736587;;;;;;
3737650688;43.486837;-1.4624208;;;;;;
3737650690;43.4874095;-1.4631634;;;;;;
5484526719;43.4878081;-1.4637968;;;;;;
5484526709;43.4879538;-1.4641415;;;;;;
5763327593;43.4881836;-1.464645;;;;;;
7629134859;43.4880458;-1.4786053;;;;;;
1829833009;43.4877305;-1.4742138;;;;;;
5484528564;43.4877959;-1.474069;;;;;;
3737650707;43.4887937;-1.4743111;;;;;;
8870115616;43.4884988;-1.4743336;;;;;;
8870115613;43.4882759;-1.474348;;;;;;
4868223488;43.4880456;-1.4743879;;;;;;
3605927463;43.4932417;-1.4802937;;;;;;
7671011642;43.4931504;-1.4803728;;;;;;
7671011638;43.4930927;-1.4804228;;;;;;
7671011636;43.4929859;-1.4805153;;;;;;
7671011623;43.4928715;-1.4806144;;;;;;
7671011626;43.4927657;-1.4807053;;;;;;
7671011629;43.4926441;-1.4807973;;;;;;
7671011622;43.4924265;-1.480962;;;;;;
4119145599;43.4923226;-1.4810407;;;;;;
7593076824;43.4921057;-1.4812084;;;;;;
7671011609;43.4919478;-1.4813273;;;;;;
7671011611;43.4917635;-1.4814672;;;;;;
7671011603;43.4917087;-1.481509;;;;;;
7671011606;43.4916386;-1.481561;;;;;;
7671011601;43.4915776;-1.4816027;;;;;;
3668904710;43.4943696;-1.4787562;;;;;;
3770909474;43.4946177;-1.4782552;;;;;;
5487073232;43.4946206;-1.4781842;;;;;;
3798028389;43.4872388;-1.4763784;;;;;;
3798028394;43.4872102;-1.4759117;;;;;;
3914828515;43.4876203;-1.4812715;;;;;;
3914828519;43.4879581;-1.4814644;;;;;;
6847880148;43.4873327;-1.4808879;;;;;;
3914828514;43.4881613;-1.4810087;;;;;;
5498725872;43.4870466;-1.480098;;;;;;
8300441485;43.4886159;-1.4826405;;;;;;
8300441489;43.4886084;-1.482603;;;;;;
8300441487;43.488675;-1.4825065;;;;;;
7593076822;43.4933009;-1.4802199;;;;;;
3914846060;43.4930047;-1.4791029;;;;;;
1887243240;43.4930532;-1.4791726;;;;;;
5637083862;43.4931298;-1.4793247;;;;;;
5637083868;43.493178;-1.4794209;;;;;;
10055655194;43.4932001;-1.4794628;;;;;;
10055655202;43.4933865;-1.4796969;;;;;;
3914844126;43.4935067;-1.4799934;;;;;;
4014806436;43.4890818;-1.465948;;;;;;
4014806434;43.4890727;-1.466255;;;;;;
4014812159;43.4907105;-1.4690755;;;;;;
5484526684;43.4903952;-1.4685938;;;;;;
6749418666;43.4900097;-1.4683941;;;;;;
388382465;43.4886281;-1.4759721;;;;;;
4014824970;43.4880064;-1.4788112;;;;;;
8792418550;43.4908499;-1.4810746;;;;;;
4014836493;43.4906266;-1.4809166;;;;;;
7593120811;43.4909404;-1.4812361;;;;;;
4014835663;43.4909656;-1.4811349;;;;;;
3563710433;43.4904481;-1.4806209;;;;;;
4014836498;43.4899753;-1.4807365;;;;;;
4014836501;43.4903598;-1.4805853;;;;;;
4014836497;43.4898955;-1.4811495;;;;;;
4014836496;43.4899168;-1.4809598;;;;;;
4014827251;43.4903801;-1.4815577;;;;;;
4014827253;43.49065;-1.4815254;;;;;;
7593287795;43.4901605;-1.4817415;;;;;;
7593287793;43.4899485;-1.4818334;;;;;;
7593196360;43.489538;-1.4820251;;;;;;
4014827249;43.4895248;-1.4819318;;;;;;
4014827252;43.4907162;-1.4814047;;;;;;
4014853250;43.4885432;-1.4785416;;;;;;
6231013319;43.4886709;-1.4787131;;;;;;
4014853244;43.4891282;-1.4792986;;;;;;
4014853246;43.4894986;-1.4793912;;;;;;
4268135367;43.4896645;-1.4793462;;;;;;
4268135368;43.4903053;-1.4791768;;;;;;
4268135370;43.4905752;-1.4790968;;;;;;
4014853237;43.4926193;-1.4788211;;;;;;
4014853240;43.4925346;-1.4787447;;;;;;
3733474551;43.488408;-1.4654534;;;;;;
5484528543;43.4884037;-1.4653987;;;;;;
3649039668;43.4906;-1.4626622;;;;;;
8758462067;43.4906214;-1.4626201;;;;;;
5464276986;43.4906392;-1.4626022;;;;;;
840829604;43.487078;-1.4763122;;;;;;
3914823326;43.4873083;-1.4763811;Parking Tour De Sault;parking;;;;
5732084626;43.489605;-1.4786704;;;;;;
6036202599;43.4896034;-1.4758099;;;;;;
388382267;43.4928613;-1.4756495;;;;;;
6043901027;43.494119;-1.4776548;;;;;;
1829852854;43.4948317;-1.4689131;;;;;;
9887201234;43.4951769;-1.4699055;;;;;;
4119107467;43.49683;-1.4824596;;;;;;
4119107469;43.4962672;-1.4815567;;;;;;
4119111049;43.4964471;-1.4817076;;;;;;
4119111046;43.4968684;-1.4828409;;;;;;
1694774113;43.4955322;-1.4833702;;;;;;
8530243654;43.496121;-1.4829975;;;;;;
5602325237;43.4961714;-1.4829645;;;;;;
4119113088;43.4961257;-1.4826085;;;;;;
6385110010;43.4926079;-1.4821307;;;;;;
7671011615;43.4923323;-1.4810649;;;;;;
1806210313;43.4878567;-1.4652727;;;;;;
8669023252;43.4881588;-1.4698626;;;;;;
11758865950;43.4890165;-1.468547;;;;;;
2288482673;43.4870596;-1.4704675;;;;;;
6924421100;43.4949693;-1.4674299;;;;;;
8758462055;43.4908899;-1.4627555;;;;;;
940948208;43.4907529;-1.4624553;;;;;;
1797158297;43.4878616;-1.4755375;;;;;;
848724992;43.4870686;-1.476218;;;;;;
4241174163;43.4942206;-1.4592845;;;;;;
4268135361;43.4896358;-1.4791495;;;;;;
4268135363;43.4902769;-1.4789801;;;;;;
7606578905;43.4905363;-1.4789627;;;;;;
6349200258;43.4896414;-1.479195;;;;;;
6349200261;43.4896587;-1.4793147;;;;;;
6349200263;43.4902828;-1.4790224;;;;;;
6349200264;43.4903001;-1.4791408;;;;;;
4268140549;43.4901051;-1.4760668;;;;;;
4268140551;43.4900518;-1.4760285;;;;;;
4268147251;43.4900653;-1.4762511;;;;;;
3563710443;43.4898786;-1.4813592;;;;;;
269248042;43.4912396;-1.4695563;;;;;;
5640995066;43.4911204;-1.4692271;;;;;;
4271454616;43.4912353;-1.4691273;;;;;;
4271454614;43.4911859;-1.4693832;;;;;;
4466289083;43.4893587;-1.4779884;;;;;;
3914844130;43.493107;-1.479851;;;;;;
4285831135;43.4889048;-1.4680569;;;;;;
4285831121;43.4877098;-1.4680937;;;;;;
4285831128;43.4879827;-1.4682336;;;;;;
4285831124;43.4883915;-1.468394;;;;;;
4285831125;43.4883836;-1.4680549;;;;;;
4285831127;43.4879809;-1.4678645;;;;;;
4285831129;43.4879828;-1.4683001;;;;;;
4285831136;43.4889063;-1.46835;;;;;;
4285831133;43.4890145;-1.468148;;;;;;
7191467482;43.4893342;-1.469927;;;;;;
7191467483;43.4894393;-1.4703732;;;;;;
7191467469;43.4894463;-1.4706096;;;;;;
4320712913;43.4895436;-1.4709448;;;;;;
4320712914;43.4895877;-1.471023;;;;;;
4320712916;43.4896908;-1.4710133;;;;;;
4320712918;43.4895601;-1.4711547;;;;;;
863129066;43.4895825;-1.4789042;;;;;;
4321163667;43.4916994;-1.479036;;;;;;
4321163668;43.4921101;-1.4789999;;;;;;
4321163673;43.4921781;-1.4789889;;;;;;
4321163674;43.4922924;-1.4789784;;;;;;
4321163677;43.4923604;-1.4789674;;;;;;
4321163680;43.4924755;-1.4789588;;;;;;
4321163683;43.4925435;-1.4789478;;;;;;
4404235581;43.496842;-1.4593929;;;;;;
1831045124;43.4974862;-1.4596494;;;;;;
28334350;43.4971087;-1.4825835;;;;;;
1806175538;43.4960179;-1.4798689;;;;;;
1806175546;43.4960587;-1.4798476;;;;;;
4466301028;43.4962196;-1.4684925;;;;;;
8650865673;43.4963034;-1.4685875;;;;;;
4466301029;43.4964392;-1.4687639;;;;;;
10262503360;43.491177;-1.472628;;;;;;
5971540409;43.4908499;-1.4716454;;;;;;
10262503359;43.4909487;-1.4729542;;;;;;
4504341858;43.4946069;-1.4661488;;;;;;
6212815322;43.4946573;-1.4662173;;;;;;
4504341860;43.4947568;-1.4663489;;;;;;
6212815326;43.4947163;-1.4664096;;;;;;
6263917970;43.4955654;-1.4673418;;;;;;
4504348357;43.4956724;-1.4678467;;;;;;
4515293351;43.4872926;-1.4799772;;;;;;
5498725879;43.4875285;-1.4800231;;;;;;
5498725881;43.4876767;-1.4801086;;;;;;
4515293350;43.4880104;-1.4803754;;;;;;
10180877522;43.4900396;-1.4628765;;;;;;
10180877521;43.490007;-1.462837;;;;;;
1690923992;43.4897608;-1.4622901;;;;;;
9652310787;43.4897684;-1.4623523;;;;;;
1829836634;43.4915788;-1.4640697;;;;;;
4867744987;43.4957618;-1.4725032;;;;;;
3150255634;43.4956129;-1.4716847;;;;;;
4867744969;43.496651;-1.4749447;;;;;;
4867744997;43.4965206;-1.4749809;;;;;;
2441623448;43.4965999;-1.4749722;;;;;;
5641466789;43.4971479;-1.4776588;;;;;;
4867744970;43.4964924;-1.4749843;;;;;;
7181677873;43.4962819;-1.4743111;;;;;;
4867744988;43.4961505;-1.4738108;;;;;;
4867744978;43.4959578;-1.4731744;;;;;;
4868223484;43.4877974;-1.476072;;;;;;
2441233890;43.487794;-1.4760887;;;;;;
8870131922;43.4884993;-1.474368;;;;;;
8870131925;43.4882767;-1.4743779;;;;;;
4868223487;43.4880105;-1.4743895;;;;;;
10929143695;43.4906912;-1.4770045;;;;;;
4868369130;43.4926449;-1.4758978;;;;;;
4868369145;43.4884522;-1.4782137;;;;;;
2441233904;43.4882421;-1.4780318;;;;;;
4868369150;43.4881904;-1.4778905;;;;;;
4868369153;43.4881737;-1.4772487;;;;;;
4868369152;43.4881652;-1.4763361;;;;;;
4868369154;43.488171;-1.4774063;;;;;;
4868369151;43.4881637;-1.4762483;;;;;;
2441233896;43.4879093;-1.4756548;;;;;;
6278647491;43.4895128;-1.4806414;;;;;;
4938381826;43.4916517;-1.4774816;;;;;;
4938381827;43.4916405;-1.4774446;;;;;;
4938381833;43.4922788;-1.4790984;;;;;;
1806175395;43.4957701;-1.4799209;;;;;;
3651250505;43.4953333;-1.4786522;;;;;;
1806175499;43.4959277;-1.4798679;;;;;;
848724537;43.4946124;-1.4752304;;;;;;
5327208949;43.4946926;-1.4750782;;;;;;
5327208950;43.4948857;-1.4753377;;;;;;
5327208952;43.4945204;-1.4748924;;;;;;
5473754725;43.4980811;-1.4716731;;;;;;
5484528539;43.4883978;-1.4654152;;;;;;
5484528540;43.488423;-1.4654453;;;;;;
255403503;43.4861651;-1.471714;;;;;;
5484528583;43.4860189;-1.4730462;;;;;;
5480134542;43.4861228;-1.4733703;;;;;;
255403508;43.4861111;-1.4734373;;;;;;
5484289582;43.4958533;-1.4695863;;;;;;
10117225144;43.495576;-1.46993;;;;;;
7003820165;43.4954209;-1.4700447;;;;;;
5484289587;43.4963846;-1.4693304;;;;;;
5484289586;43.4964072;-1.469339;;;;;;
5484289607;43.4964063;-1.4693436;;;;;;
255400851;43.4882868;-1.4776289;;;;;;
848725722;43.487898;-1.4752759;;;;;;
3513549744;43.4878365;-1.4753743;;;;;;
5484526685;43.4904247;-1.4686151;;;;;;
1797177088;43.4904989;-1.4686824;;;;;;
3725916838;43.4883456;-1.4653236;;;;;;
5484528541;43.488433;-1.4654296;;;;;;
5484528542;43.4884072;-1.4653987;;;;;;
5480072144;43.4884326;-1.4654332;;;;;;
5480072143;43.4884232;-1.4654481;;;;;;
5484528538;43.4884069;-1.4654008;;;;;;
5484528537;43.4884193;-1.4654157;;;;;;
5480072142;43.4883964;-1.4654159;;;;;;
5484528535;43.4883287;-1.4653003;;;;;;
848725713;43.4860012;-1.4739187;;;;;;
5480072147;43.4903568;-1.4627024;;;;;;
5480072146;43.490475;-1.462682;;;;;;
3455324233;43.4904013;-1.4626947;;;;;;
3642813031;43.4905149;-1.4626749;;;;;;
1887243220;43.4926232;-1.4784742;;;;;;
4515293354;43.4867605;-1.4795231;;;;;;
5498725875;43.4867713;-1.4795041;;;;;;
4515293356;43.4873802;-1.4782772;;;;;;
5488735641;43.4876543;-1.4780236;;;;;;
7183779332;43.4879618;-1.4752235;;;;;;
7183779333;43.4878953;-1.4744895;;;;;;
5498725880;43.4875345;-1.4799597;;;;;;
5498725878;43.4877069;-1.4800228;;;;;;
5498725883;43.4881447;-1.4800483;;;;;;
5498754098;43.4871438;-1.4830975;;;;;;
1827160749;43.486878;-1.48309;;;;;;
5498754074;43.4871833;-1.4829711;;;;;;
5498754079;43.487181;-1.4834301;;;;;;
7191467470;43.4888027;-1.4712379;;;;;;
5547108686;43.4889625;-1.4714916;;;;;;
5464276980;43.4907652;-1.4628763;;;;;;
5591989458;43.4949937;-1.4785598;;;;;;
5591989459;43.4950096;-1.4786378;;parking_entrance;;;;
5591989460;43.4948563;-1.4787738;;parking_entrance;;;;
5591989461;43.4948174;-1.4787192;;;;;;
3554296021;43.4931808;-1.4801571;;;;;;
7667063066;43.4932183;-1.4802412;;;;;;
9431405567;43.491592;-1.4826223;;;;;;
3055027630;43.4917661;-1.4851324;;;;;;
2623391536;43.4916005;-1.484615;;;;;;
5781738099;43.491573;-1.48264;;;;;;
7593102619;43.4913557;-1.4817473;;;;;;
4119111024;43.4966514;-1.4830032;;;;;;
5602310253;43.4965499;-1.4830631;;;;;;
3918285669;43.496258;-1.4832348;;;;;;
3918285670;43.4964642;-1.4833809;;;;;;
3585278127;43.4970687;-1.4829526;;;;;;
5602325238;43.4960981;-1.4827415;;parking_entrance;;;;
5637083865;43.4938593;-1.4785934;;;;;;
11188765273;43.493706;-1.4787391;Place des Basques;;yes;;;
5637083866;43.4938655;-1.4787215;;;;;;
11753788031;43.4935174;-1.4790905;;;yes;;;
5639532661;43.4936726;-1.4820328;;;;;;
8090720300;43.495362;-1.4711648;;;;;;
5663431864;43.4921241;-1.4616296;;;;;;
5663431870;43.4924919;-1.4621037;;;;;;
6184740391;43.4924311;-1.4620292;;;;;;
6184740393;43.4924069;-1.4619996;;;;;;
5663431869;43.4923328;-1.4615731;;;;;;
6159080939;43.4902468;-1.4748562;;;;;;
5675789204;43.4921317;-1.4593307;;;;;;
8758462092;43.4921497;-1.4594028;;;;;;
5675789205;43.4921703;-1.4594852;;;;;;
3644637537;43.4934172;-1.4591014;;;;;;
6167963122;43.4929254;-1.4590933;;;;;;
3644637540;43.4914772;-1.4599705;;;;;;
5702304695;43.490574;-1.4831075;;;;;;
5746676787;43.4925649;-1.4798049;;;;;;
5746676780;43.4927697;-1.4790639;;;;;;
5763327578;43.4915399;-1.4691444;;;;;;
1797177092;43.4915696;-1.4692282;;;;;;
1797177093;43.491606;-1.4693147;;;;;;
1890041784;43.4914111;-1.4694327;;;;;;
5763327582;43.4905353;-1.4678181;;;;;;
3737650709;43.4893853;-1.4666919;;;;;;
3737650708;43.4891352;-1.466355;;;;;;
3737650705;43.488729;-1.465734;;;;;;
5484528533;43.4881442;-1.4646792;;;;;;
254950711;43.4873765;-1.4632081;;;;;;
5487050112;43.4924919;-1.4766794;;;;;;
388189757;43.4924774;-1.4781564;;;;;;
1879417915;43.4891151;-1.4825355;;;;;;
11412551286;43.4880904;-1.4830875;;;;;;
3914842369;43.4886564;-1.4828443;;;;;;
1879417910;43.4894039;-1.4838782;;;;;;
5768798557;43.4911784;-1.4818092;;;;;;
7671011595;43.4909882;-1.4818897;;;;;;
7671011591;43.4908024;-1.4819685;;;;;;
7670993581;43.4907064;-1.4820092;;;;;;
7593102622;43.4906039;-1.4820526;;;;;;
7670993579;43.4905023;-1.4820957;;;;;;
7671011586;43.4904017;-1.4821383;;;;;;
7593102621;43.4902624;-1.4821974;;;;;;
5769859711;43.4914518;-1.4809066;;;;;;
7593076827;43.4918951;-1.4805756;;;;;;
7667115006;43.4923465;-1.4802635;;;;;;
1879458806;43.4911571;-1.4810799;;;;;;
8758462065;43.4904202;-1.4619671;;;;;;
5769965290;43.4904351;-1.4619586;;;;;;
11283173239;43.4905519;-1.4618899;;;;;;
5769965302;43.4905752;-1.4611642;;;;;;
5769965301;43.490613;-1.4609081;;;;;;
8758462043;43.4905303;-1.4608808;;;;;;
5769965303;43.4908545;-1.4608866;;;;;;
5781896990;43.4881215;-1.4649582;;;;;;
5781896989;43.4882294;-1.4648683;;;;;;
5781896992;43.4882002;-1.4651325;;;;;;
5781896991;43.4881009;-1.4649126;;;;;;
5781923427;43.4865305;-1.4557663;;;;;;
9891097393;43.4872589;-1.4593452;;;;;;
9891097359;43.4873539;-1.459597;;;;;;
9891097360;43.4874016;-1.4597183;;;;;;
9891097361;43.4874398;-1.4598157;;;;;;
9891097362;43.4875004;-1.4599701;;;;;;
9891097363;43.4875552;-1.4601075;;;;;;
9891097364;43.4876146;-1.460224;;;;;;
6957066690;43.4876991;-1.4740549;;;;;;
5808898522;43.487451;-1.4741112;;;;;;
5808898521;43.487307;-1.4741273;;;;;;
5808917267;43.4926048;-1.4608289;;;;;;
5863469323;43.4961131;-1.4618308;;;;;;
5863469324;43.4956645;-1.4608222;;;;;;
5863469330;43.4952871;-1.4618804;;;;;;
5863469337;43.4952238;-1.4618066;;;;;;
5863469338;43.494874;-1.4613453;;;;;;
5863469339;43.4948976;-1.4611694;;;;;;
5971540407;43.4910617;-1.4714921;;;;;;
2133890184;43.4915078;-1.4691317;;;;;;
10143015154;43.4923796;-1.4703032;;;;;;
7820868069;43.4924404;-1.4704339;;;;;;
10143015162;43.4924976;-1.4705571;;;;;;
6290764038;43.4930698;-1.4724462;;;;;;
6528389290;43.4933527;-1.4730536;;;;;;
7592954115;43.4945506;-1.4790886;;;;;;
6015172763;43.494364;-1.4793114;;;;;;
7671011650;43.4940283;-1.4796239;;;;;;
7671011646;43.4939123;-1.479723;;;;;;
7671011647;43.4937922;-1.4798257;;;;;;
7667063062;43.4935463;-1.4800339;;;;;;
11355791828;43.487926;-1.4824733;;;;;;
6036202598;43.4896607;-1.475802;;;;;;
4014850129;43.4941866;-1.4770647;;;;;;
6043931686;43.4928491;-1.4782501;;parking_entrance;;;;
6043974815;43.4934496;-1.4786624;;;;;;
6043974814;43.4940138;-1.4781079;;;;;;
11086703161;43.4932261;-1.4788837;;;;;;
11086703158;43.4933116;-1.4787991;;;;;;
11086703159;43.4933515;-1.4787595;;;;;;
11086703154;43.4934118;-1.4786999;;;;;;
5487073229;43.4942523;-1.4779121;;;;;;
6079069102;43.4950989;-1.4673545;;;;;;
7667113676;43.4947067;-1.4759249;;;;;;
2290812792;43.4951333;-1.4767237;;;;;;
254053897;43.4953629;-1.4774479;;;;;;
5487073237;43.4952123;-1.4781773;;;;;;
578449633;43.4951611;-1.4783015;;;;;;
6139237286;43.4963571;-1.470077;;;;;;
6650044171;43.4963475;-1.4702027;;;;;;
1797271557;43.4962998;-1.4705398;;;;;;
6155693621;43.4955939;-1.4700667;;;;;;
6147646013;43.4918585;-1.4707453;;;;;;
6147646004;43.4918342;-1.4704396;;;;;;
6147646003;43.4918193;-1.4701986;;;;;;
6147646010;43.4920112;-1.4706108;;;;;;
6147646016;43.4921307;-1.4708526;;;;;;
6147646014;43.4919689;-1.4709938;;;;;;
7820868073;43.4921245;-1.4707003;;;;;;
6147646015;43.4923695;-1.4713174;;;;;;
6147646019;43.4921329;-1.4711568;;;;;;
10282134125;43.4948593;-1.4689783;;;;;;
6167949115;43.4969661;-1.4624083;;;;;;
6167949121;43.4972697;-1.4625818;;;;;;
6167963120;43.4932304;-1.4592116;;;;;;
6167963126;43.4915276;-1.4596426;;;;;;
6167963125;43.4914898;-1.4595146;;;;;;
6167963130;43.4917815;-1.4595115;;;;;;
6167963127;43.4920302;-1.4593831;;;;;;
11257850947;43.4909333;-1.4614914;;;;;;
8764031071;43.4905215;-1.4617254;;;;;;
6167963134;43.4901199;-1.4615585;;;;;;
8758462073;43.4903175;-1.461537;;;;;;
1830766583;43.4903858;-1.4615369;;;;;;
1830766584;43.4898435;-1.4598569;;;;;;
6184740389;43.4924379;-1.4624543;;;;;;
6184740408;43.4921275;-1.4623578;;;;;;
6184740399;43.4919267;-1.4627486;;;;;;
6184740404;43.4920828;-1.4625308;;;;;;
6184740401;43.4917151;-1.4627082;;;;;;
6184740400;43.4918319;-1.4628746;;;;;;
6184740417;43.4917685;-1.4626367;;;;;;
6184740402;43.4917744;-1.4629485;;;;;;
6184740410;43.4923012;-1.4628962;;;;;;
6184740403;43.4921002;-1.4625612;;;;;;
6184740406;43.4919709;-1.4621124;;;;;;
6184740419;43.4916435;-1.462457;;;;;;
4504341857;43.4945411;-1.4660504;;;;;;
6212815323;43.4947994;-1.4662938;;;;;;
6212812007;43.4947253;-1.4658945;;;;;;
6212812014;43.4947242;-1.4658782;;;;;;
6212812011;43.4949952;-1.4655322;;;;;;
6212812012;43.4946625;-1.4659902;;;;;;
6212812018;43.4951055;-1.4663516;;;;;;
6212812020;43.4950438;-1.4664508;;;;;;
6490858876;43.4951504;-1.4662794;;;;;;
6212812019;43.4953055;-1.4660297;;;;;;
1797271554;43.4961549;-1.4651272;;;;;;
6212812024;43.4960046;-1.4654137;;;;;;
6212812022;43.4961529;-1.4658111;;;;;;
570056307;43.4970533;-1.4636037;;;;;;
6231013321;43.4887076;-1.4786576;;;;;;
6231013322;43.4887013;-1.4785764;;;;;;
6263917976;43.4955721;-1.4673293;;;;;;
6263917969;43.4953016;-1.4673332;;;;;;
6263917973;43.4950988;-1.4673514;;;;;;
6263917975;43.4952802;-1.4673091;;;;;;
6278647489;43.4896957;-1.4806773;;;;;;
6278647490;43.4896003;-1.4806558;;;;;;
6278661327;43.4913575;-1.479945;;parking_entrance;;;;
6280715093;43.4949181;-1.4703731;;;;;;
6280715092;43.4948765;-1.4704263;;;;;;
6285603050;43.4952618;-1.4807779;;;;;;
6285603045;43.4956279;-1.4803929;;;;;;
6285609917;43.4955128;-1.4817461;;;;;;
6285609913;43.4961748;-1.481319;;;;;;
6285629100;43.4952481;-1.4704367;;;;;;
6285629099;43.4952036;-1.4703739;;;;;;
9887201233;43.4952742;-1.4702282;;;;;;
8118376333;43.4948749;-1.4702977;;;;;;
6290769332;43.4941446;-1.4660731;;;;;;
8115435695;43.4940649;-1.4661916;;;;;;
6290776008;43.4936623;-1.4654423;;;;;;
6290776017;43.4937996;-1.4659599;;;;;;
6290776019;43.4932464;-1.4656093;;;;;;
7003820167;43.4952926;-1.4702155;;;;;;
3734832291;43.4936866;-1.4736124;;;;;;
6326879884;43.4936896;-1.4734628;;;;;;
1890041708;43.4940815;-1.4765329;;;;;;
4242583697;43.4935;-1.4757513;;;;;;
6349200256;43.4894527;-1.4793982;;;;;;
6349200257;43.4894704;-1.4793938;;;;;;
6349200259;43.4896371;-1.4791568;;;;;;
6349200260;43.4896623;-1.4793345;;;;;;
6349200262;43.4902789;-1.4789922;;;;;;
6349200265;43.4903033;-1.479163;;;;;;
6406801272;43.4871897;-1.4629975;;;;;;
6406801269;43.4872875;-1.4639309;;;;;;
6406843664;43.4873415;-1.4644969;;;;;;
11070857168;43.495887;-1.4660147;;;;;;
6469966770;43.4965936;-1.4657696;;;;;;
6473121659;43.4967055;-1.4665474;;;;;;
11283173266;43.4972733;-1.4678836;;;;;;
6473121654;43.4961827;-1.4670967;;;;;;
6473121653;43.4962434;-1.4672166;;;;;;
6473121656;43.4964311;-1.466834;;;;;;
6473121655;43.4965187;-1.4670128;;;;;;
6473121661;43.4959817;-1.4673091;;;;;;
7670962641;43.4951825;-1.4781594;;;;;;
7670962642;43.4952457;-1.4782036;;;;;;
7667113679;43.4941198;-1.4765907;;;;;;
7260687853;43.4951995;-1.4780038;;;;;;
6490858873;43.4953152;-1.4664601;;;;;;
6490858872;43.495213;-1.4663478;;;;;;
10117225143;43.4953431;-1.4705679;;;;;;
1890053029;43.4947416;-1.4787915;;;;;;
6618923558;43.4967021;-1.470102;;;;;;
9609236406;43.4967314;-1.4701247;;;;;;
8950580252;43.4965356;-1.4708314;;;;;;
6618923559;43.4963339;-1.4708631;;;;;;
9609236416;43.4963914;-1.4702116;;;;;;
9609236415;43.4964942;-1.4700299;;;;;;
6665264791;43.4966291;-1.470053;;;;;;
8648547797;43.4966184;-1.4694185;;;;;;
9558410728;43.4966597;-1.4694631;;;;;;
8648547796;43.4967011;-1.4695079;;;;;;
6335003769;43.4937898;-1.4760786;;;;;;
6665013395;43.4942941;-1.4747214;;;;;;
6665013396;43.4941548;-1.4746339;;;;;;
5487050115;43.4938642;-1.4747382;;;;;;
8648547788;43.4966449;-1.4699808;;;;;;
5487073243;43.495632;-1.4777214;;;;;;
7667113681;43.4955358;-1.4774217;;;;;;
7667113680;43.4952643;-1.4766174;;;;;;
7667113675;43.4949064;-1.4757028;;;;;;
7667113673;43.4945089;-1.4751425;;;;;;
5327208947;43.494015;-1.4748173;;;;;;
6528389295;43.4953027;-1.4706233;;;;;;
2441623387;43.4953571;-1.4707085;;;;;;
6707433887;43.4952291;-1.4704705;;;;;;
3585228475;43.4898034;-1.4683047;;;;;;
8669010164;43.4898426;-1.4683224;;;;;;
5480592819;43.493334;-1.4730735;;;;;;
6753623797;43.4936361;-1.4606197;;;;;;
5464276909;43.4966802;-1.4640898;;;;;;
5464276903;43.4967522;-1.4633147;;;;;;
6847880155;43.4872198;-1.481018;;;;;;
6847880150;43.4868534;-1.4803073;;;;;;
6924430125;43.495254;-1.467511;;;;;;
3798013617;43.4872885;-1.4740702;;;;;;
6957066688;43.4873055;-1.4739665;;;;;;
6957066691;43.4872797;-1.4735775;;;;;;
6957066698;43.4874519;-1.4742266;;;;;;
6957066697;43.4874538;-1.4742515;;;;;;
6974014760;43.4905992;-1.4714367;;;;;;
6974014770;43.4906264;-1.4712903;;;;;;
10926433662;43.490419;-1.4712633;;;;;;
10926477217;43.4905034;-1.4712796;;;;;;
7003875569;43.4923455;-1.4743695;;;;;;
7003875572;43.4924781;-1.4745401;;;;;;
7191467468;43.4895633;-1.4705407;;;;;;
7191467467;43.4896976;-1.470458;;;;;;
7191467463;43.4897294;-1.470438;;;;;;
7191467476;43.4892064;-1.4705091;;;;;;
7191467475;43.4891768;-1.4704185;;;;;;
7191467481;43.4898693;-1.4696467;;;;;;
7191467484;43.488818;-1.4707451;;;;;;
7191507485;43.4886254;-1.4708671;;;;;;
7191507487;43.488981;-1.4715303;;;;;;
7191507486;43.4890253;-1.4715464;;;;;;
7191486202;43.4902862;-1.4684256;;;;;;
7197049153;43.4924166;-1.4792034;;;;;;
8662153951;43.4924206;-1.47938;;;;;;
7197049161;43.4924301;-1.4791024;;;;;;
7197049157;43.4924614;-1.479356;;;;;;
7197049164;43.4922126;-1.4793017;;;;;;
7197049170;43.492306;-1.4792405;;;;;;
8662792080;43.4921799;-1.4793057;;;;;;
7197049165;43.4923367;-1.4793798;;;;;;
7197049177;43.4920889;-1.4792187;;;;;;
7197049176;43.4920857;-1.4791853;;;;;;
8662153970;43.4921757;-1.479154;;;;;;
7197049172;43.4922968;-1.4791659;;;;;;
7197049171;43.4922962;-1.4790974;;;;;;
7197049179;43.4920877;-1.4793307;;;;;;
8662153974;43.4923014;-1.4792033;;;;;;
7197062688;43.4925269;-1.4792155;;;;;;
8662792073;43.4924985;-1.4793119;;;;;;
7197049183;43.4923679;-1.4795386;;;;;;
8663213534;43.4923487;-1.4794944;;;;;;
8663213538;43.492271;-1.4794577;;;;;;
8663213539;43.4921759;-1.4793965;;;;;;
7197049169;43.4921368;-1.4793682;;;;;;
8662153969;43.492088;-1.4793528;;;;;;
7003875565;43.4925495;-1.4737679;;;;;;
8983896057;43.4930134;-1.4727909;;;;;;
7547642629;43.4941271;-1.476484;;;;;;
2441623460;43.4966958;-1.4749526;;;;;;
7547642634;43.4942052;-1.4764106;;;;;;
7547642614;43.4944492;-1.4757818;;;;;;
7547642615;43.4939975;-1.47632;;;;;;
7547642618;43.4941264;-1.4752659;;;;;;
7547642605;43.4936886;-1.4758763;;;;;;
7547642619;43.4942383;-1.4754523;;;;;;
7547642606;43.4937891;-1.4760207;;;;;;
7547642608;43.4943411;-1.475613;;;;;;
7547642607;43.4938953;-1.4761732;;;;;;
11524917407;43.4938501;-1.4753438;;;;;;
7547642625;43.4945282;-1.475917;;;;;;
7547642622;43.4945496;-1.4759646;;;;;;
7547642624;43.494356;-1.4761084;;;;;;
7547642627;43.4942879;-1.4761792;;;;;;
7547642633;43.494451;-1.476158;;;;;;
7547642631;43.4943148;-1.4762309;;;;;;
7547642604;43.4943413;-1.4762818;;;;;;
7565842135;43.4901097;-1.4718246;;;;;;
7565842132;43.490121;-1.4717935;;;;;;
7565842140;43.4900752;-1.4718662;;;;;;
7565842141;43.4900233;-1.4718757;;;;;;
7567052000;43.4931209;-1.4727017;;;;;;
6817486867;43.4930766;-1.4727376;;;;;;
2133890173;43.4932889;-1.4728124;;;;;;
254951187;43.4933012;-1.4728979;;;;;;
7352104707;43.4931349;-1.4729587;;;;;;
7341050505;43.4933451;-1.4730189;;;;;;
7003875561;43.4933264;-1.4730353;;;;;;
7590088183;43.493452;-1.4728354;;;;;;
6285616022;43.4953128;-1.4784792;;;;;;
7592954106;43.4951665;-1.4786069;;;;;;
7592954113;43.4947476;-1.4783605;;;;;;
6480663685;43.4951509;-1.4781346;;;;;;
7592954117;43.4949008;-1.4786455;;;;;;
255321715;43.4944556;-1.4788945;;;;;;
7593023376;43.492343;-1.4808369;;;;;;
7593076825;43.4920633;-1.4810042;;;;;;
3770909470;43.4916689;-1.4813277;;;;;;
7593050978;43.4912421;-1.4812601;;;;;;
7593076826;43.4919439;-1.4807106;;;;;;
1879458812;43.4923698;-1.4803892;;;;;;
5769859713;43.4914188;-1.4808409;;;;;;
10055655198;43.4932617;-1.4796808;;;;;;
1887243246;43.4932171;-1.4797174;;;;;;
7593050970;43.4909406;-1.4811065;;;;;;
5487073241;43.4953245;-1.4782513;;;;;;
848724543;43.4931078;-1.474533;;;;;;
7593213488;43.4889533;-1.4824784;;;;;;
3737073307;43.4890342;-1.4824007;;;;;;
1828784583;43.4886785;-1.482435;;;;;;
7593213486;43.4886018;-1.4824278;;;;;;
7593213485;43.4897044;-1.4822571;;;;;;
7593174182;43.4894702;-1.4823103;;;;;;
7593174183;43.4891811;-1.4824302;;;;;;
7593213489;43.4891662;-1.4823564;;;;;;
7593213491;43.4894544;-1.4822322;;;;;;
7593213492;43.4896821;-1.4820989;;;;;;
1887243191;43.4909695;-1.4810588;;;;;;
11070615670;43.4894089;-1.4819556;;;;;;
8792418552;43.4894646;-1.4818422;;;;;;
5763722694;43.4890088;-1.4825774;;;;;;
11058013351;43.4924576;-1.4736656;;;;;;
1887243200;43.492453;-1.4736801;;;;;;
7602110405;43.4932571;-1.4615934;;;;;;
5484528625;43.487351;-1.4754688;;;;;;
7606600288;43.4894154;-1.4683284;;;;;;
7636051502;43.4892421;-1.4791026;;;;;;
10733819364;43.4887074;-1.4836371;;;;;;
7667063063;43.4935373;-1.4800128;;;;;;
7667063064;43.4935227;-1.4799812;;;;;;
9933439335;43.4930927;-1.4799823;;;;;;
7667066397;43.4942782;-1.478848;;;;;;
7667115007;43.4928592;-1.4797774;;;;;;
10064725903;43.4943595;-1.4763166;;;;;;
7667113682;43.4952884;-1.4774731;;;;;;
7670993567;43.4898351;-1.4824056;;;;;;
7670993565;43.4898105;-1.4823028;;;;;;
7670993564;43.489791;-1.4822211;;;;;;
7670993570;43.4896918;-1.4823523;;;;;;
7670993571;43.4899603;-1.482239;;;;;;
7670993572;43.4899107;-1.4822611;;;;;;
7670993569;43.4896295;-1.4823932;;;;;;
7670993578;43.4905077;-1.4820055;;;;;;
7670993580;43.490484;-1.4820154;;;;;;
7670993577;43.4904659;-1.4820229;;;;;;
7670993582;43.4906863;-1.4819273;;;;;;
7670993584;43.4905853;-1.4819729;;;;;;
7670993583;43.4907358;-1.4819051;;;;;;
7671011587;43.4903636;-1.4819794;;;;;;
7671011585;43.4904093;-1.4821652;;;;;;
7671011589;43.4905676;-1.481897;;;;;;
7671011588;43.4906088;-1.482076;;;;;;
7671011592;43.4907635;-1.4818151;;;;;;
7671011590;43.4908082;-1.4819916;;;;;;
7671011593;43.4909944;-1.4819147;;;;;;
7671011594;43.4909498;-1.4817362;;;;;;
7671011605;43.4916095;-1.4814819;;;;;;
7671011607;43.4919596;-1.481358;;;;;;
7671011608;43.4919086;-1.4812254;;;;;;
7671011612;43.4917733;-1.481495;;;;;;
7671011610;43.4917121;-1.4813208;;;;;;
7593306056;43.4922698;-1.4809143;;;;;;
7671011621;43.4923975;-1.4808932;;;;;;
7671011619;43.4924442;-1.480857;;;;;;
7671011620;43.4923537;-1.4809261;;;;;;
7671011624;43.492843;-1.480546;;;;;;
7671011628;43.4927039;-1.4805632;;;;;;
7671011627;43.4927357;-1.4806342;;;;;;
7671011625;43.4927765;-1.4807276;;;;;;
7671011630;43.4926168;-1.4807266;;;;;;
7671011637;43.4929217;-1.4803817;;;;;;
7671011634;43.4929564;-1.480454;;;;;;
7671011635;43.4930003;-1.4805438;;;;;;
7671011639;43.4930609;-1.480361;;;;;;
7671011631;43.4925537;-1.4807745;;;;;;
7671011645;43.4938735;-1.4796448;;;;;;
8792418555;43.4893283;-1.4818366;;;;;;
7770165935;43.4888385;-1.4821162;;;;;;
10143015158;43.4922073;-1.4706305;;;;;;
10142982579;43.4922313;-1.4706103;;;;;;
7930570164;43.4903238;-1.4776378;;;;;;
7930570160;43.4904157;-1.4775898;;;;;;
7930570163;43.4903348;-1.4776819;;;;;;
10929144610;43.4899753;-1.4774073;;;;;;
7984101463;43.4927712;-1.4661613;;;;;;
3585278126;43.4970665;-1.4826175;;;;;;
8074523114;43.4918863;-1.476668;;;;;;
8090720299;43.4956215;-1.4716975;;;;;;
6924404894;43.4948288;-1.4666993;;;;;;
8114407788;43.4950005;-1.4664435;;;;;;
862952353;43.4946544;-1.4672866;;;;;;
6290776021;43.493854;-1.4660371;;;;;;
8115435681;43.4938716;-1.4660155;;;;;;
8115435678;43.4941737;-1.465579;;;;;;
8115435676;43.4943639;-1.4657788;;;;;;
863094420;43.4938758;-1.4659749;;;;;;
1808614383;43.4953823;-1.4712105;;;;;;
8118228774;43.4956733;-1.4709442;;;;;;
5464276898;43.4962157;-1.4705291;;;;;;
3150254926;43.4945805;-1.4698397;;;;;;
8138561233;43.4944834;-1.4608955;;;;;;
8158820946;43.4967444;-1.4593497;;;;;;
597626841;43.4952136;-1.4855441;;;;;;
595783457;43.494571;-1.4857963;;;;;;
9321104697;43.4932306;-1.4656307;;;;;;
6290776022;43.4939289;-1.4661451;Quartier Saint-Esprit;;yes;;;
5487050067;43.4942874;-1.477012;;;;;;
578449624;43.4932779;-1.4798704;;;;;;
10929143686;43.4901697;-1.4767042;;;;;;
8242420517;43.4943536;-1.4784477;;;;;;
8254491227;43.4920781;-1.4783174;;;;;;
8300441486;43.4886808;-1.4823879;;;;;;
8300441490;43.4887674;-1.482353;;;;;;
8992542932;43.4888234;-1.4821693;;;;;;
8992557724;43.4887935;-1.4822574;;;;;;
1797177090;43.491455;-1.4692642;;;;;;
10139342015;43.4917693;-1.4692816;;;;;;
10139345417;43.4918468;-1.469397;;;;;;
1797177091;43.49153;-1.4694085;;;;;;
10142982585;43.4928459;-1.4720503;;;;;;
8305294693;43.4929667;-1.47225;;;;;;
8305294694;43.4929345;-1.4722915;;;;;;
7352104714;43.4929008;-1.4723196;;;;;;
1797215408;43.4876097;-1.4640254;;;;;;
1888318077;43.4880623;-1.4715199;;;;;;
8434679706;43.4882182;-1.4712191;;;;;;
1888318089;43.4878467;-1.4715079;;;;;;
8434696336;43.4872948;-1.4729713;;;;;;
8434696337;43.4873965;-1.4725871;;;;;;
3455324230;43.4899797;-1.4628124;;;;;;
6650044169;43.4967916;-1.469589;Gare de Bayonne;;yes;;;
6665264790;43.4966578;-1.4699867;;;;;;
8648547795;43.4965425;-1.469954;;;;;;
9558410727;43.4964869;-1.4699689;;;;;;
6618899841;43.4964214;-1.4699862;;;;;;
8648547792;43.4968456;-1.4696252;;;;;;
9558378209;43.4967741;-1.4698278;;;yes;;;
8648547789;43.4967138;-1.4700168;;;;;;
8648547794;43.4967483;-1.4695501;;;;;;
9558378211;43.4966647;-1.4697618;;;yes;;;
863008412;43.4959831;-1.470168;;;;;;
11283173245;43.4962299;-1.4700246;;;;;;
8648585527;43.4962959;-1.4701923;;;;;;
8650865671;43.4964837;-1.4682667;;;;;;
8650865672;43.4963334;-1.4685376;;;;;;
8650890977;43.4964623;-1.4687086;;;;;;
8951067645;43.4965197;-1.4685604;;;;;;
7197049184;43.4924402;-1.4794237;;;;;;
7197062690;43.4924841;-1.4791048;;;;;;
8662792068;43.4925319;-1.4790955;;;;;;
8662153955;43.4925966;-1.4791798;;;;;;
8662153948;43.4923507;-1.4794529;;;;;;
8662792094;43.4919302;-1.4791519;;;;;;
8662153962;43.4919752;-1.4791779;;;;;;
8662792087;43.4919443;-1.4792358;;;;;;
8662153972;43.4921854;-1.479203;;;;;;
8662792078;43.4923368;-1.4791878;;;;;;
8662153973;43.4923631;-1.4791302;;;;;;
7197049156;43.4923605;-1.4790938;;;;;;
7197049168;43.492151;-1.4793301;;;;;;
8662792065;43.4925222;-1.4791711;;;;;;
8668978246;43.4906525;-1.4695167;;;;;;
8669010163;43.4897341;-1.4683853;;;;;;
8669010162;43.4898235;-1.4683137;;;;;;
8669019976;43.4893528;-1.468392;;;;;;
11758865942;43.4894291;-1.4685624;;;;;;
8669019975;43.4894549;-1.46862;;;;;;
8669023255;43.48837;-1.4697171;;;;;;
8669023257;43.4884347;-1.4696252;;;;;;
11758865939;43.4888968;-1.4691089;;;;;;
8669094742;43.4875638;-1.4685919;;;;;;
8758462056;43.4907844;-1.4625469;;;;;;
8758392701;43.4907879;-1.4601338;;;;;;
8758392699;43.4908227;-1.4602487;;;;;;
8758392698;43.4908399;-1.4603019;;;;;;
8758462021;43.4913418;-1.4598176;;;;;;
8758392704;43.4934646;-1.4587352;;;;;;
8758462024;43.4913476;-1.4598538;;;;;;
8758462026;43.4913122;-1.4599518;;;;;;
8758462029;43.4911511;-1.4599619;;;;;;
8758462027;43.4911257;-1.4598725;;;;;;
8758462033;43.4912456;-1.4599961;;;;;;
8758462054;43.4907192;-1.4628661;;;;;;
8758462057;43.4907143;-1.4623135;;;;;;
8758462062;43.4904906;-1.4612474;;;;;;
8758462072;43.4903264;-1.4616159;;;;;;
8758462071;43.4903086;-1.4616483;;;;;;
10180877502;43.4906705;-1.4627437;;;;;;
8758462066;43.4903962;-1.4618804;;;;;;
8758462075;43.4902872;-1.4612746;;;;;;
8789249273;43.4904074;-1.4680973;;;;;;
8789249272;43.4903115;-1.4683089;;;;;;
8789249274;43.4904376;-1.4680334;;;;;;
8789249275;43.4905599;-1.4677571;;;;;;
8857283486;43.4921417;-1.4727125;;;;;;
8857283483;43.4920677;-1.472601;;;;;;
8857283480;43.4918974;-1.4727024;;;;;;
1887243121;43.488137;-1.4754399;;;;;;
8950580251;43.4965557;-1.4708432;;;;;;
11149909293;43.4966531;-1.4709023;;;;;;
578393993;43.496854;-1.4677755;;;;;;
8967750083;43.4917758;-1.4618616;;;;;;
8967750088;43.491835;-1.461868;;;;;;
8967750086;43.4917923;-1.4619232;;;;;;
8967750087;43.4918847;-1.4620587;;;;;;
8967750089;43.4919287;-1.4619999;;;;;;
8758462077;43.4904588;-1.4612018;;;;;;
8758462076;43.4903423;-1.461258;;;;;;
9177730039;43.4906932;-1.4621737;;;;;;
9177730038;43.4906386;-1.4620793;;;;;;
10169507248;43.4913379;-1.4772889;;;;;;
9196154760;43.4913035;-1.4771986;;;;;;
9321104698;43.4932024;-1.4655916;;;;;;
9321104699;43.4931328;-1.4654951;;;;;;
9321104700;43.492944;-1.4652336;;;;;;
9321104704;43.4927512;-1.4649602;;;;;;
5487073240;43.4953421;-1.4781875;;;;;;
9516486137;43.4955696;-1.4778449;;;;;;
9609236401;43.4965072;-1.469819;;;;;;
11283173247;43.4963835;-1.4697515;;;;;;
9609236409;43.4969579;-1.4696071;;;;;;
9609236407;43.4968003;-1.4700732;;;;;;
9609236412;43.4966783;-1.4694167;;;;;;
9609236411;43.4966369;-1.4695096;;;;;;
9609236414;43.496481;-1.4699263;;;;;;
11048400343;43.4965001;-1.4698496;;;;;;
9676914056;43.4924374;-1.4737535;;;;;;
9676914057;43.4921618;-1.4743323;;;;;;
7567051999;43.4930246;-1.4724858;;;;;;
7567052003;43.4932615;-1.4731839;;;;;;
9676914059;43.4952914;-1.4706002;;;;;;
9676914064;43.4952783;-1.4703736;;;;;;
9676914061;43.4953678;-1.4705008;;;;;;
8995529472;43.4915791;-1.4695021;;;;;;
9799457003;43.4916463;-1.4694337;;;;;;
9887512374;43.4889518;-1.4751345;;;;;;
9891097388;43.4873095;-1.459632;;;;;;
9891097384;43.4873582;-1.459757;;;;;;
9891097380;43.487397;-1.4598557;;;;;;
9891097376;43.4874552;-1.4600039;;;;;;
9891097372;43.4875077;-1.4601326;;;;;;
9891097368;43.4875722;-1.4602702;;;;;;
9891097394;43.4872128;-1.4593835;;;;;;
9933439336;43.4931371;-1.4800776;;;;;;
9933439337;43.4931561;-1.4801121;;;;;;
9942175352;43.4900017;-1.4713521;;;;;;
9942175362;43.4903072;-1.4707216;;;;;;
9942175371;43.4902449;-1.4714076;;;;;;
10024304212;43.4902885;-1.4677171;;;;;;
10024304213;43.4903858;-1.4678194;;;;;;
7593213497;43.4891479;-1.4822665;;;;;;
10055688311;43.488603;-1.4825676;;;;;;
3874428774;43.4935177;-1.4794799;;;;;;
10117225132;43.4954769;-1.4703749;;;;;;
10117225131;43.4954342;-1.470436;;;;;;
10117225133;43.4954568;-1.4704026;;;;;;
10117225134;43.495448;-1.47039;;;;;;
10117225141;43.4953709;-1.4705255;;;;;;
8742427998;43.490852;-1.4708658;;;;;;
10142982580;43.4922946;-1.4707364;;;;;;
10142982578;43.4921706;-1.4704878;;;;;;
10142982584;43.4928071;-1.4719467;;;;;;
10142982583;43.4927754;-1.471973;;;;;;
10169507247;43.4912694;-1.4773346;;;;;;
10169507245;43.4912339;-1.4773949;;;;;;
10180857301;43.4900999;-1.4628449;;;;;;
10180857300;43.4899964;-1.4627816;;;;;;
10180877501;43.4907006;-1.4627593;;;;;;
10180877503;43.4903654;-1.4625076;;;;;;
10180877508;43.4903456;-1.46245;;;;;;
10180877504;43.4901823;-1.4625661;;;;;;
10180877506;43.4901119;-1.4626259;;;;;;
10180877513;43.4899896;-1.4627974;;;;;;
10180877523;43.4900688;-1.462918;;;;;;
3658634694;43.4902742;-1.462499;;;;;;
3649039667;43.4904551;-1.4623752;;;;;;
10180904248;43.4932459;-1.4676952;;;;;;
10180904247;43.4932829;-1.4677472;;;;;;
10262503365;43.4909391;-1.4729264;;;;;;
10262503363;43.4911575;-1.4726521;;;;;;
10262503366;43.4911998;-1.4727654;;;;;;
6583692164;43.4907377;-1.4780474;;;;;;
1887243115;43.4881048;-1.4755569;;;;;;
10596273525;43.4886808;-1.4802669;;;;;;
10596273524;43.488639;-1.4802267;;;;;;
5484528626;43.4868054;-1.4755368;;;;;;
10695360997;43.4919011;-1.4631332;;;;;;
10695360996;43.492021;-1.4629747;;;;;;
10702861256;43.4944867;-1.4681181;;;;;;
10708960732;43.4957095;-1.4799829;;;;;;
3732013420;43.4952345;-1.4822477;;;;;;
10757164595;43.4952011;-1.4822665;;;;;;
7040731330;43.4951868;-1.4822745;;;;;;
10757164596;43.4950491;-1.4816797;;;;;;
9623699573;43.4950831;-1.4816633;;;;;;
7040731329;43.4950283;-1.4816898;;;;;;
10757164598;43.4950368;-1.4811728;;;;;;
10757189506;43.495244;-1.4802888;;;;;;
10757189517;43.4955835;-1.4801036;;;;;;
10757189508;43.4954815;-1.4801685;;;;;;
10757189510;43.4953744;-1.4804643;;;;;;
10757189509;43.495363;-1.4804279;;;;;;
10757189512;43.4953282;-1.4805138;;;;;;
10757189511;43.495312;-1.4804677;;;;;;
10757189514;43.4952271;-1.4806221;;;;;;
10757189513;43.4952021;-1.4805357;;;;;;
10757189515;43.4956106;-1.4800869;;;;;;
10757189523;43.4956232;-1.480338;;;;;;
10757189524;43.4955206;-1.4802927;;;;;;
10840312598;43.4909408;-1.4692737;;;;;;
10883967070;43.488034;-1.4831117;;;;;;
10926458772;43.4901715;-1.4742074;;;;;;
10926458773;43.4901811;-1.4742071;;;;;;
10926458775;43.4903717;-1.4741424;;;;;;
10926458776;43.4903671;-1.474169;;;;;;
10926433663;43.4903908;-1.4712698;;;;;;
10926477218;43.490509;-1.4712301;;;;;;
10929128603;43.4906873;-1.4770815;;;;;;
10929144607;43.4906681;-1.4770167;;;;;;
10929144609;43.4906442;-1.4770282;;;;;;
10929144612;43.4899492;-1.477419;;;;;;
10929143677;43.4903913;-1.4765098;;;;;;
10929143682;43.4902548;-1.4765644;;;;;;
10929143684;43.4901582;-1.4766592;;;;;;
10929143685;43.4901915;-1.4765972;;;;;;
10929143688;43.4903013;-1.4765397;;;;;;
10929206785;43.4882868;-1.476438;;;;;;
10929206792;43.4881369;-1.4755268;;;;;;
10929206804;43.4883924;-1.4760578;;;;;;
10929206803;43.4883345;-1.4760773;;;;;;
10929206800;43.4883771;-1.4764265;;;;;;
11010920496;43.4912187;-1.4695678;;;;;;
269248043;43.4915;-1.469353;;;;;;
3762367754;43.4931114;-1.4794836;;;;;;
11030703914;43.4932836;-1.4791684;;;yes;;;
11040146758;43.4935868;-1.4788602;;;yes;;;
11040352199;43.4934518;-1.4789975;;;yes;;;
8648547793;43.4966069;-1.4699633;;;;;;
7003820159;43.4964195;-1.4698733;;;;;;
11056553923;43.4880885;-1.4764574;;;;;;
11056553922;43.4881085;-1.4764565;;;;;;
11056553924;43.4881563;-1.4764542;;;;;;
11056553925;43.4882435;-1.4764394;;;;;;
11070857169;43.4957905;-1.465907;;;;;;
11086703152;43.4932303;-1.4783444;;;;;;
11086703151;43.4931365;-1.4784372;;;;;;
11086703181;43.4931204;-1.478681;;;;;;
11086703187;43.4931588;-1.4787528;;;;;;
11086703175;43.4933682;-1.4786136;;;;;;
11086703176;43.4933082;-1.4786723;;;;;;
11086703166;43.4931511;-1.4785013;;;;;;
11086703184;43.4931905;-1.4786468;;;;;;
11086703188;43.4931909;-1.4787206;;;;;;
9516486136;43.4956115;-1.4779615;;;;;;
9516486140;43.495701;-1.4779186;;;;;;
11607263634;43.4927016;-1.4733931;;;;;;
11149909290;43.4967063;-1.4709335;;;;;;
11169941813;43.4853798;-1.4824677;;;;;;
476283482;43.4927949;-1.4609458;;;;;;
270961061;43.490469;-1.4617605;;;;;;
11283173240;43.4951809;-1.47033;;;;;;
11283173246;43.4963134;-1.4697953;;;;;;
11347050569;43.4910573;-1.4807544;;;;;;
11347028964;43.4910413;-1.480798;;;;;;
11347050570;43.4911926;-1.4804091;;;;;;
11347050571;43.4912101;-1.4803648;;;;;;
11378188459;43.4903804;-1.4764967;;;;;;
11378188460;43.4903714;-1.4765024;;;;;;
11378188462;43.4903147;-1.4765329;;;;;;
10883967069;43.4879705;-1.4829464;;;;;;
11758877822;43.4907856;-1.4695758;;;;;;
